{
  "configVersion": 1,
  "timestamp": 1660654858864,
  "index": "/index.html",
  "assetGroups": [
    {
      "name": "app",
      "installMode": "prefetch",
      "updateMode": "prefetch",
      "urls": [
        "/3-es5.2c8cc746cb767bdfe8da.js",
        "/4-es2015.ad301b5b7f917f45be1a.js",
        "/index.html",
        "/main-es2015.6cd675e39fea32405d01.js",
        "/main-es5.5404f43535d31a4eb854.js",
        "/polyfills-es2015.22a10e60a50c4504a999.js",
        "/polyfills-es5.a67d4199b6d6da679b1e.js",
        "/runtime-es2015.7ac79cb94d84bbcdbc18.js",
        "/runtime-es5.85f8a8f2c16e471ad155.js",
        "/styles.56ed815e31b7c3d5c3e8.css"
      ],
      "patterns": []
    },
    {
      "name": "assets",
      "installMode": "lazy",
      "updateMode": "prefetch",
      "urls": [
        "/Gotham-Black.e29998d86afd3d3d0dfc.woff",
        "/Gotham-Bold.b51ec430e735ebae2edd.woff",
        "/Gotham-BookItalic.cec78cc5a1d901e4874e.woff",
        "/Gotham-Light.dcb8a07cf3cbc95e4fc3.woff",
        "/Gotham-Thin.cae9f840575e702faf52.woff",
        "/Gotham-ThinItalic.9633c2743683e1725e07.woff",
        "/Gotham-UltraItalic.a5048d9425015d68823a.woff",
        "/Gotham-XLight.c614fbadff73fc2f0825.woff",
        "/Gotham-XLightItalic.a2a0f26729aefc3a01b6.woff",
        "/GothamBold.39b1c119caf33ce82b61.woff",
        "/GothamBoldItalic.4091bfea289f4d7a9feb.woff",
        "/GothamBook.41eebc608a217814063e.woff",
        "/GothamBookItalic.50aed062699526d3b2fc.woff",
        "/GothamLight.f0de7009e4f575046385.woff",
        "/GothamLightItalic.7f5118ac8a719c29c554.woff",
        "/GothamMedium.ba7ee4ffcdcd65f753a3.woff",
        "/GothamMediumItalic.3718793abbcecd542fb0.woff",
        "/GothamMedium_1.ba7ee4ffcdcd65f753a3.woff",
        "/Hero.66ea2f27441b782f8f03.otf",
        "/assets/additional-locale/de.properties",
        "/assets/additional-locale/en.properties",
        "/assets/additional-locale/es.properties",
        "/assets/additional-locale/fr.properties",
        "/assets/additional-locale/nl.properties",
        "/assets/additional-locale/pt.properties",
        "/assets/additional-locale/sl.properties",
        "/assets/cmaps/78-EUC-H.bcmap",
        "/assets/cmaps/78-EUC-V.bcmap",
        "/assets/cmaps/78-H.bcmap",
        "/assets/cmaps/78-RKSJ-H.bcmap",
        "/assets/cmaps/78-RKSJ-V.bcmap",
        "/assets/cmaps/78-V.bcmap",
        "/assets/cmaps/78ms-RKSJ-H.bcmap",
        "/assets/cmaps/78ms-RKSJ-V.bcmap",
        "/assets/cmaps/83pv-RKSJ-H.bcmap",
        "/assets/cmaps/90ms-RKSJ-H.bcmap",
        "/assets/cmaps/90ms-RKSJ-V.bcmap",
        "/assets/cmaps/90msp-RKSJ-H.bcmap",
        "/assets/cmaps/90msp-RKSJ-V.bcmap",
        "/assets/cmaps/90pv-RKSJ-H.bcmap",
        "/assets/cmaps/90pv-RKSJ-V.bcmap",
        "/assets/cmaps/Add-H.bcmap",
        "/assets/cmaps/Add-RKSJ-H.bcmap",
        "/assets/cmaps/Add-RKSJ-V.bcmap",
        "/assets/cmaps/Add-V.bcmap",
        "/assets/cmaps/Adobe-CNS1-0.bcmap",
        "/assets/cmaps/Adobe-CNS1-1.bcmap",
        "/assets/cmaps/Adobe-CNS1-2.bcmap",
        "/assets/cmaps/Adobe-CNS1-3.bcmap",
        "/assets/cmaps/Adobe-CNS1-4.bcmap",
        "/assets/cmaps/Adobe-CNS1-5.bcmap",
        "/assets/cmaps/Adobe-CNS1-6.bcmap",
        "/assets/cmaps/Adobe-CNS1-UCS2.bcmap",
        "/assets/cmaps/Adobe-GB1-0.bcmap",
        "/assets/cmaps/Adobe-GB1-1.bcmap",
        "/assets/cmaps/Adobe-GB1-2.bcmap",
        "/assets/cmaps/Adobe-GB1-3.bcmap",
        "/assets/cmaps/Adobe-GB1-4.bcmap",
        "/assets/cmaps/Adobe-GB1-5.bcmap",
        "/assets/cmaps/Adobe-GB1-UCS2.bcmap",
        "/assets/cmaps/Adobe-Japan1-0.bcmap",
        "/assets/cmaps/Adobe-Japan1-1.bcmap",
        "/assets/cmaps/Adobe-Japan1-2.bcmap",
        "/assets/cmaps/Adobe-Japan1-3.bcmap",
        "/assets/cmaps/Adobe-Japan1-4.bcmap",
        "/assets/cmaps/Adobe-Japan1-5.bcmap",
        "/assets/cmaps/Adobe-Japan1-6.bcmap",
        "/assets/cmaps/Adobe-Japan1-UCS2.bcmap",
        "/assets/cmaps/Adobe-Korea1-0.bcmap",
        "/assets/cmaps/Adobe-Korea1-1.bcmap",
        "/assets/cmaps/Adobe-Korea1-2.bcmap",
        "/assets/cmaps/Adobe-Korea1-UCS2.bcmap",
        "/assets/cmaps/B5-H.bcmap",
        "/assets/cmaps/B5-V.bcmap",
        "/assets/cmaps/B5pc-H.bcmap",
        "/assets/cmaps/B5pc-V.bcmap",
        "/assets/cmaps/CNS-EUC-H.bcmap",
        "/assets/cmaps/CNS-EUC-V.bcmap",
        "/assets/cmaps/CNS1-H.bcmap",
        "/assets/cmaps/CNS1-V.bcmap",
        "/assets/cmaps/CNS2-H.bcmap",
        "/assets/cmaps/CNS2-V.bcmap",
        "/assets/cmaps/ETHK-B5-H.bcmap",
        "/assets/cmaps/ETHK-B5-V.bcmap",
        "/assets/cmaps/ETen-B5-H.bcmap",
        "/assets/cmaps/ETen-B5-V.bcmap",
        "/assets/cmaps/ETenms-B5-H.bcmap",
        "/assets/cmaps/ETenms-B5-V.bcmap",
        "/assets/cmaps/EUC-H.bcmap",
        "/assets/cmaps/EUC-V.bcmap",
        "/assets/cmaps/Ext-H.bcmap",
        "/assets/cmaps/Ext-RKSJ-H.bcmap",
        "/assets/cmaps/Ext-RKSJ-V.bcmap",
        "/assets/cmaps/Ext-V.bcmap",
        "/assets/cmaps/GB-EUC-H.bcmap",
        "/assets/cmaps/GB-EUC-V.bcmap",
        "/assets/cmaps/GB-H.bcmap",
        "/assets/cmaps/GB-V.bcmap",
        "/assets/cmaps/GBK-EUC-H.bcmap",
        "/assets/cmaps/GBK-EUC-V.bcmap",
        "/assets/cmaps/GBK2K-H.bcmap",
        "/assets/cmaps/GBK2K-V.bcmap",
        "/assets/cmaps/GBKp-EUC-H.bcmap",
        "/assets/cmaps/GBKp-EUC-V.bcmap",
        "/assets/cmaps/GBT-EUC-H.bcmap",
        "/assets/cmaps/GBT-EUC-V.bcmap",
        "/assets/cmaps/GBT-H.bcmap",
        "/assets/cmaps/GBT-V.bcmap",
        "/assets/cmaps/GBTpc-EUC-H.bcmap",
        "/assets/cmaps/GBTpc-EUC-V.bcmap",
        "/assets/cmaps/GBpc-EUC-H.bcmap",
        "/assets/cmaps/GBpc-EUC-V.bcmap",
        "/assets/cmaps/H.bcmap",
        "/assets/cmaps/HKdla-B5-H.bcmap",
        "/assets/cmaps/HKdla-B5-V.bcmap",
        "/assets/cmaps/HKdlb-B5-H.bcmap",
        "/assets/cmaps/HKdlb-B5-V.bcmap",
        "/assets/cmaps/HKgccs-B5-H.bcmap",
        "/assets/cmaps/HKgccs-B5-V.bcmap",
        "/assets/cmaps/HKm314-B5-H.bcmap",
        "/assets/cmaps/HKm314-B5-V.bcmap",
        "/assets/cmaps/HKm471-B5-H.bcmap",
        "/assets/cmaps/HKm471-B5-V.bcmap",
        "/assets/cmaps/HKscs-B5-H.bcmap",
        "/assets/cmaps/HKscs-B5-V.bcmap",
        "/assets/cmaps/Hankaku.bcmap",
        "/assets/cmaps/Hiragana.bcmap",
        "/assets/cmaps/KSC-EUC-H.bcmap",
        "/assets/cmaps/KSC-EUC-V.bcmap",
        "/assets/cmaps/KSC-H.bcmap",
        "/assets/cmaps/KSC-Johab-H.bcmap",
        "/assets/cmaps/KSC-Johab-V.bcmap",
        "/assets/cmaps/KSC-V.bcmap",
        "/assets/cmaps/KSCms-UHC-H.bcmap",
        "/assets/cmaps/KSCms-UHC-HW-H.bcmap",
        "/assets/cmaps/KSCms-UHC-HW-V.bcmap",
        "/assets/cmaps/KSCms-UHC-V.bcmap",
        "/assets/cmaps/KSCpc-EUC-H.bcmap",
        "/assets/cmaps/KSCpc-EUC-V.bcmap",
        "/assets/cmaps/Katakana.bcmap",
        "/assets/cmaps/LICENSE",
        "/assets/cmaps/NWP-H.bcmap",
        "/assets/cmaps/NWP-V.bcmap",
        "/assets/cmaps/RKSJ-H.bcmap",
        "/assets/cmaps/RKSJ-V.bcmap",
        "/assets/cmaps/Roman.bcmap",
        "/assets/cmaps/UniCNS-UCS2-H.bcmap",
        "/assets/cmaps/UniCNS-UCS2-V.bcmap",
        "/assets/cmaps/UniCNS-UTF16-H.bcmap",
        "/assets/cmaps/UniCNS-UTF16-V.bcmap",
        "/assets/cmaps/UniCNS-UTF32-H.bcmap",
        "/assets/cmaps/UniCNS-UTF32-V.bcmap",
        "/assets/cmaps/UniCNS-UTF8-H.bcmap",
        "/assets/cmaps/UniCNS-UTF8-V.bcmap",
        "/assets/cmaps/UniGB-UCS2-H.bcmap",
        "/assets/cmaps/UniGB-UCS2-V.bcmap",
        "/assets/cmaps/UniGB-UTF16-H.bcmap",
        "/assets/cmaps/UniGB-UTF16-V.bcmap",
        "/assets/cmaps/UniGB-UTF32-H.bcmap",
        "/assets/cmaps/UniGB-UTF32-V.bcmap",
        "/assets/cmaps/UniGB-UTF8-H.bcmap",
        "/assets/cmaps/UniGB-UTF8-V.bcmap",
        "/assets/cmaps/UniJIS-UCS2-H.bcmap",
        "/assets/cmaps/UniJIS-UCS2-HW-H.bcmap",
        "/assets/cmaps/UniJIS-UCS2-HW-V.bcmap",
        "/assets/cmaps/UniJIS-UCS2-V.bcmap",
        "/assets/cmaps/UniJIS-UTF16-H.bcmap",
        "/assets/cmaps/UniJIS-UTF16-V.bcmap",
        "/assets/cmaps/UniJIS-UTF32-H.bcmap",
        "/assets/cmaps/UniJIS-UTF32-V.bcmap",
        "/assets/cmaps/UniJIS-UTF8-H.bcmap",
        "/assets/cmaps/UniJIS-UTF8-V.bcmap",
        "/assets/cmaps/UniJIS2004-UTF16-H.bcmap",
        "/assets/cmaps/UniJIS2004-UTF16-V.bcmap",
        "/assets/cmaps/UniJIS2004-UTF32-H.bcmap",
        "/assets/cmaps/UniJIS2004-UTF32-V.bcmap",
        "/assets/cmaps/UniJIS2004-UTF8-H.bcmap",
        "/assets/cmaps/UniJIS2004-UTF8-V.bcmap",
        "/assets/cmaps/UniJISPro-UCS2-HW-V.bcmap",
        "/assets/cmaps/UniJISPro-UCS2-V.bcmap",
        "/assets/cmaps/UniJISPro-UTF8-V.bcmap",
        "/assets/cmaps/UniJISX0213-UTF32-H.bcmap",
        "/assets/cmaps/UniJISX0213-UTF32-V.bcmap",
        "/assets/cmaps/UniJISX02132004-UTF32-H.bcmap",
        "/assets/cmaps/UniJISX02132004-UTF32-V.bcmap",
        "/assets/cmaps/UniKS-UCS2-H.bcmap",
        "/assets/cmaps/UniKS-UCS2-V.bcmap",
        "/assets/cmaps/UniKS-UTF16-H.bcmap",
        "/assets/cmaps/UniKS-UTF16-V.bcmap",
        "/assets/cmaps/UniKS-UTF32-H.bcmap",
        "/assets/cmaps/UniKS-UTF32-V.bcmap",
        "/assets/cmaps/UniKS-UTF8-H.bcmap",
        "/assets/cmaps/UniKS-UTF8-V.bcmap",
        "/assets/cmaps/V.bcmap",
        "/assets/cmaps/WP-Symbol.bcmap",
        "/assets/favicon.png",
        "/assets/fonts/Gotham-Black.woff",
        "/assets/fonts/Gotham-Bold.woff",
        "/assets/fonts/Gotham-BookItalic.woff",
        "/assets/fonts/Gotham-Light.woff",
        "/assets/fonts/Gotham-Thin.woff",
        "/assets/fonts/Gotham-ThinItalic.woff",
        "/assets/fonts/Gotham-UltraItalic.woff",
        "/assets/fonts/Gotham-XLight.woff",
        "/assets/fonts/Gotham-XLightItalic.woff",
        "/assets/fonts/GothamBold.woff",
        "/assets/fonts/GothamBoldItalic.woff",
        "/assets/fonts/GothamBook.woff",
        "/assets/fonts/GothamBookItalic.woff",
        "/assets/fonts/GothamLight.woff",
        "/assets/fonts/GothamLightItalic.woff",
        "/assets/fonts/GothamMedium.woff",
        "/assets/fonts/GothamMediumItalic.woff",
        "/assets/fonts/GothamMedium_1.woff",
        "/assets/fonts/Hero.otf",
        "/assets/fonts/example.html",
        "/assets/fonts/style.css",
        "/assets/icons/icon-128x128.png",
        "/assets/icons/icon-144x144.png",
        "/assets/icons/icon-152x152.png",
        "/assets/icons/icon-192x192.png",
        "/assets/icons/icon-384x384.png",
        "/assets/icons/icon-512x512.png",
        "/assets/icons/icon-72x72.png",
        "/assets/icons/icon-96x96.png",
        "/assets/icons/images/icons/icon-128x128.png",
        "/assets/icons/images/icons/icon-144x144.png",
        "/assets/icons/images/icons/icon-152x152.png",
        "/assets/icons/images/icons/icon-192x192.png",
        "/assets/icons/images/icons/icon-384x384.png",
        "/assets/icons/images/icons/icon-512x512.png",
        "/assets/icons/images/icons/icon-72x72.png",
        "/assets/icons/images/icons/icon-96x96.png",
        "/assets/images/Buttom_BurgerMenu_Landing.svg",
        "/assets/images/Buttom_Login_Landing.svg",
        "/assets/images/Grupo 1055.png",
        "/assets/images/Grupo 301.png",
        "/assets/images/IconDropdown_Edit.svg",
        "/assets/images/IconDropdown_Home.svg",
        "/assets/images/IconDropdown_Work.svg",
        "/assets/images/Icon_Adjuntar 1.svg",
        "/assets/images/Icon_Adjuntar 10.svg",
        "/assets/images/Icon_Adjuntar 2.svg",
        "/assets/images/Icon_Adjuntar 3.svg",
        "/assets/images/Icon_Adjuntar 4.svg",
        "/assets/images/Icon_Adjuntar 5.svg",
        "/assets/images/Icon_Adjuntar 6.svg",
        "/assets/images/Icon_Adjuntar 7.svg",
        "/assets/images/Icon_Adjuntar 8.svg",
        "/assets/images/Icon_Adjuntar 9.svg",
        "/assets/images/Icon_Adjuntar Documentos.svg",
        "/assets/images/Icon_Adjuntar Documentos_Gris.svg",
        "/assets/images/Icon_Adjuntar Documentos_Verde.svg",
        "/assets/images/Icon_Adjuntar_green 1.svg",
        "/assets/images/Icon_Adjuntar_green 10.svg",
        "/assets/images/Icon_Adjuntar_green 2.svg",
        "/assets/images/Icon_Adjuntar_green 3.svg",
        "/assets/images/Icon_Adjuntar_green 4.svg",
        "/assets/images/Icon_Adjuntar_green 5.svg",
        "/assets/images/Icon_Adjuntar_green 6.svg",
        "/assets/images/Icon_Adjuntar_green 7.svg",
        "/assets/images/Icon_Adjuntar_green 8.svg",
        "/assets/images/Icon_Adjuntar_green 9.svg",
        "/assets/images/Icon_Alerta.svg",
        "/assets/images/Icon_Aprobación en Proceso.svg",
        "/assets/images/Icon_Aprobación en Proceso_Gris.svg",
        "/assets/images/Icon_Aprobación en Proceso_Verde.svg",
        "/assets/images/Icon_Aprobado.svg",
        "/assets/images/Icon_BurgerMenu_Mobile.svg",
        "/assets/images/Icon_Calendario.svg",
        "/assets/images/Icon_ChevronLeft.svg",
        "/assets/images/Icon_ChevronRight.svg",
        "/assets/images/Icon_Crédito Desembolsado.svg",
        "/assets/images/Icon_Crédito Desembolsado_Gris.svg",
        "/assets/images/Icon_Crédito Desembolsado_Verde.svg",
        "/assets/images/Icon_Crédito Rechazado.svg",
        "/assets/images/Icon_Crédito Validacion.svg",
        "/assets/images/Icon_Crédito Validacion_Gris.svg",
        "/assets/images/Icon_Crédito Validacion_Verde.svg",
        "/assets/images/Icon_CréditoNoAprobado.svg",
        "/assets/images/Icon_DropdownList.svg",
        "/assets/images/Icon_FinEtapa.svg",
        "/assets/images/Icon_FlechaAprobado.svg",
        "/assets/images/Icon_FlechaRechazado.svg",
        "/assets/images/Icon_Llenar Formulario.svg",
        "/assets/images/Icon_Llenar Formulario_Gris.svg",
        "/assets/images/Icon_Llenar Formulario_Verde.svg",
        "/assets/images/Icon_No aprobado.svg",
        "/assets/images/Icon_Recordatorio.svg",
        "/assets/images/Icon_Seleccionador.svg",
        "/assets/images/Icon_Trofeo.svg",
        "/assets/images/LOGO SIN SLOGAN FINTRA (BLANCO).png",
        "/assets/images/LOGO-FINTRACREDIT-WEB.png",
        "/assets/images/Logo Fintra.svg",
        "/assets/images/No aprobado_icon-01-01.png",
        "/assets/images/No aprobado_icon-02.png",
        "/assets/images/annotation-check.svg",
        "/assets/images/annotation-comment.svg",
        "/assets/images/annotation-help.svg",
        "/assets/images/annotation-insert.svg",
        "/assets/images/annotation-key.svg",
        "/assets/images/annotation-newparagraph.svg",
        "/assets/images/annotation-noicon.svg",
        "/assets/images/annotation-note.svg",
        "/assets/images/annotation-paragraph.svg",
        "/assets/images/bg-extract.png",
        "/assets/images/clip.png",
        "/assets/images/copy.png",
        "/assets/images/download.png",
        "/assets/images/iconos-web-edu-1.png",
        "/assets/images/iconos-web-edu-2.png",
        "/assets/images/iconos-web-edu-3.png",
        "/assets/images/icons/icon-128x128.png",
        "/assets/images/icons/icon-144x144.png",
        "/assets/images/icons/icon-152x152.png",
        "/assets/images/icons/icon-192x192.png",
        "/assets/images/icons/icon-384x384.png",
        "/assets/images/icons/icon-512x512.png",
        "/assets/images/icons/icon-72x72.png",
        "/assets/images/icons/icon-96x96.png",
        "/assets/images/loading.gif",
        "/assets/images/loading.mov",
        "/assets/images/logo-white.png",
        "/assets/images/menu/Cerrar-Sesion-NO-SEL.png",
        "/assets/images/menu/Cerrar-Sesion-SEL.png",
        "/assets/images/menu/Nueva-Pre-solicitud-NO-SEL.png",
        "/assets/images/menu/Nueva-Pre-solicitud-SEL.png",
        "/assets/images/menu/PLAN-REFERIDOS-4.png",
        "/assets/images/menu/Pre-solicitud-NO-SEL.png",
        "/assets/images/menu/Pre-solicitud-SEL.png",
        "/assets/images/menu/Renueva-NO-SEL.png",
        "/assets/images/menu/Renueva-SEL.png",
        "/assets/images/menu/referir-blue-NO-SEL.png",
        "/assets/images/menu/referir-blue-SEL.png",
        "/assets/images/ok.png",
        "/assets/images/preferidos.png",
        "/assets/images/trash.png",
        "/assets/images/treeitem-collapsed.svg",
        "/assets/images/treeitem-expanded.svg",
        "/assets/inline-locale-files/ach.html",
        "/assets/inline-locale-files/af.html",
        "/assets/inline-locale-files/ak.html",
        "/assets/inline-locale-files/an.html",
        "/assets/inline-locale-files/ar.html",
        "/assets/inline-locale-files/as.html",
        "/assets/inline-locale-files/ast.html",
        "/assets/inline-locale-files/az.html",
        "/assets/inline-locale-files/be.html",
        "/assets/inline-locale-files/bg.html",
        "/assets/inline-locale-files/bn-BD.html",
        "/assets/inline-locale-files/bn-IN.html",
        "/assets/inline-locale-files/bn.html",
        "/assets/inline-locale-files/bo.html",
        "/assets/inline-locale-files/br.html",
        "/assets/inline-locale-files/brx.html",
        "/assets/inline-locale-files/bs.html",
        "/assets/inline-locale-files/ca.html",
        "/assets/inline-locale-files/cak.html",
        "/assets/inline-locale-files/ckb.html",
        "/assets/inline-locale-files/crh.html",
        "/assets/inline-locale-files/cs.html",
        "/assets/inline-locale-files/csb.html",
        "/assets/inline-locale-files/cy.html",
        "/assets/inline-locale-files/da.html",
        "/assets/inline-locale-files/de.html",
        "/assets/inline-locale-files/dsb.html",
        "/assets/inline-locale-files/el.html",
        "/assets/inline-locale-files/en-CA.html",
        "/assets/inline-locale-files/en-GB.html",
        "/assets/inline-locale-files/en-US.html",
        "/assets/inline-locale-files/en-ZA.html",
        "/assets/inline-locale-files/eo.html",
        "/assets/inline-locale-files/es-AR.html",
        "/assets/inline-locale-files/es-CL.html",
        "/assets/inline-locale-files/es-ES.html",
        "/assets/inline-locale-files/es-MX.html",
        "/assets/inline-locale-files/et.html",
        "/assets/inline-locale-files/eu.html",
        "/assets/inline-locale-files/fa.html",
        "/assets/inline-locale-files/ff.html",
        "/assets/inline-locale-files/fi.html",
        "/assets/inline-locale-files/fr.html",
        "/assets/inline-locale-files/fy-NL.html",
        "/assets/inline-locale-files/ga-IE.html",
        "/assets/inline-locale-files/gd.html",
        "/assets/inline-locale-files/gl.html",
        "/assets/inline-locale-files/gn.html",
        "/assets/inline-locale-files/gu-IN.html",
        "/assets/inline-locale-files/he.html",
        "/assets/inline-locale-files/hi-IN.html",
        "/assets/inline-locale-files/hr.html",
        "/assets/inline-locale-files/hsb.html",
        "/assets/inline-locale-files/hto.html",
        "/assets/inline-locale-files/hu.html",
        "/assets/inline-locale-files/hy-AM.html",
        "/assets/inline-locale-files/hye.html",
        "/assets/inline-locale-files/ia.html",
        "/assets/inline-locale-files/id.html",
        "/assets/inline-locale-files/is.html",
        "/assets/inline-locale-files/it.html",
        "/assets/inline-locale-files/ja.html",
        "/assets/inline-locale-files/ka.html",
        "/assets/inline-locale-files/kab.html",
        "/assets/inline-locale-files/kk.html",
        "/assets/inline-locale-files/km.html",
        "/assets/inline-locale-files/kn.html",
        "/assets/inline-locale-files/ko.html",
        "/assets/inline-locale-files/kok.html",
        "/assets/inline-locale-files/ks.html",
        "/assets/inline-locale-files/ku.html",
        "/assets/inline-locale-files/lg.html",
        "/assets/inline-locale-files/lij.html",
        "/assets/inline-locale-files/lo.html",
        "/assets/inline-locale-files/lt.html",
        "/assets/inline-locale-files/ltg.html",
        "/assets/inline-locale-files/lv.html",
        "/assets/inline-locale-files/mai.html",
        "/assets/inline-locale-files/meh.html",
        "/assets/inline-locale-files/mk.html",
        "/assets/inline-locale-files/ml.html",
        "/assets/inline-locale-files/mn.html",
        "/assets/inline-locale-files/mr.html",
        "/assets/inline-locale-files/ms.html",
        "/assets/inline-locale-files/my.html",
        "/assets/inline-locale-files/nb-NO.html",
        "/assets/inline-locale-files/ne-NP.html",
        "/assets/inline-locale-files/nl.html",
        "/assets/inline-locale-files/nn-NO.html",
        "/assets/inline-locale-files/nso.html",
        "/assets/inline-locale-files/oc.html",
        "/assets/inline-locale-files/or.html",
        "/assets/inline-locale-files/pa-IN.html",
        "/assets/inline-locale-files/pl.html",
        "/assets/inline-locale-files/pt-BR.html",
        "/assets/inline-locale-files/pt-PT.html",
        "/assets/inline-locale-files/rm.html",
        "/assets/inline-locale-files/ro.html",
        "/assets/inline-locale-files/ru.html",
        "/assets/inline-locale-files/rw.html",
        "/assets/inline-locale-files/sah.html",
        "/assets/inline-locale-files/sat.html",
        "/assets/inline-locale-files/scn.html",
        "/assets/inline-locale-files/si.html",
        "/assets/inline-locale-files/sk.html",
        "/assets/inline-locale-files/sl.html",
        "/assets/inline-locale-files/son.html",
        "/assets/inline-locale-files/sq.html",
        "/assets/inline-locale-files/sr.html",
        "/assets/inline-locale-files/sv-SE.html",
        "/assets/inline-locale-files/sw.html",
        "/assets/inline-locale-files/szl.html",
        "/assets/inline-locale-files/ta-LK.html",
        "/assets/inline-locale-files/ta.html",
        "/assets/inline-locale-files/te.html",
        "/assets/inline-locale-files/th.html",
        "/assets/inline-locale-files/tl.html",
        "/assets/inline-locale-files/tn.html",
        "/assets/inline-locale-files/tr.html",
        "/assets/inline-locale-files/trs.html",
        "/assets/inline-locale-files/tsz.html",
        "/assets/inline-locale-files/uk.html",
        "/assets/inline-locale-files/ur.html",
        "/assets/inline-locale-files/uz.html",
        "/assets/inline-locale-files/vi.html",
        "/assets/inline-locale-files/wo.html",
        "/assets/inline-locale-files/xh.html",
        "/assets/inline-locale-files/zam.html",
        "/assets/inline-locale-files/zh-CN.html",
        "/assets/inline-locale-files/zh-TW.html",
        "/assets/inline-locale-files/zu.html",
        "/assets/locale/ach/viewer.properties",
        "/assets/locale/af/viewer.properties",
        "/assets/locale/ak/viewer.properties",
        "/assets/locale/an/viewer.properties",
        "/assets/locale/ar/viewer.properties",
        "/assets/locale/as/viewer.properties",
        "/assets/locale/ast/viewer.properties",
        "/assets/locale/az/viewer.properties",
        "/assets/locale/be/viewer.properties",
        "/assets/locale/bg/viewer.properties",
        "/assets/locale/bn-BD/viewer.properties",
        "/assets/locale/bn-IN/viewer.properties",
        "/assets/locale/bn/viewer.properties",
        "/assets/locale/bo/viewer.properties",
        "/assets/locale/br/viewer.properties",
        "/assets/locale/brx/viewer.properties",
        "/assets/locale/bs/viewer.properties",
        "/assets/locale/ca/viewer.properties",
        "/assets/locale/cak/viewer.properties",
        "/assets/locale/ckb/viewer.properties",
        "/assets/locale/crh/viewer.properties",
        "/assets/locale/cs/viewer.properties",
        "/assets/locale/csb/viewer.properties",
        "/assets/locale/cy/viewer.properties",
        "/assets/locale/da/viewer.properties",
        "/assets/locale/de/viewer.properties",
        "/assets/locale/dsb/viewer.properties",
        "/assets/locale/el/viewer.properties",
        "/assets/locale/en-CA/viewer.properties",
        "/assets/locale/en-GB/viewer.properties",
        "/assets/locale/en-US/viewer.properties",
        "/assets/locale/en-ZA/viewer.properties",
        "/assets/locale/eo/viewer.properties",
        "/assets/locale/es-AR/viewer.properties",
        "/assets/locale/es-CL/viewer.properties",
        "/assets/locale/es-ES/viewer.properties",
        "/assets/locale/es-MX/viewer.properties",
        "/assets/locale/et/viewer.properties",
        "/assets/locale/eu/viewer.properties",
        "/assets/locale/fa/viewer.properties",
        "/assets/locale/ff/viewer.properties",
        "/assets/locale/fi/viewer.properties",
        "/assets/locale/fr/viewer.properties",
        "/assets/locale/fy-NL/viewer.properties",
        "/assets/locale/ga-IE/viewer.properties",
        "/assets/locale/gd/viewer.properties",
        "/assets/locale/gl/viewer.properties",
        "/assets/locale/gn/viewer.properties",
        "/assets/locale/gu-IN/viewer.properties",
        "/assets/locale/he/viewer.properties",
        "/assets/locale/hi-IN/viewer.properties",
        "/assets/locale/hr/viewer.properties",
        "/assets/locale/hsb/viewer.properties",
        "/assets/locale/hto/viewer.properties",
        "/assets/locale/hu/viewer.properties",
        "/assets/locale/hy-AM/viewer.properties",
        "/assets/locale/hye/viewer.properties",
        "/assets/locale/ia/viewer.properties",
        "/assets/locale/id/viewer.properties",
        "/assets/locale/is/viewer.properties",
        "/assets/locale/it/viewer.properties",
        "/assets/locale/ja/viewer.properties",
        "/assets/locale/ka/viewer.properties",
        "/assets/locale/kab/viewer.properties",
        "/assets/locale/kk/viewer.properties",
        "/assets/locale/km/viewer.properties",
        "/assets/locale/kn/viewer.properties",
        "/assets/locale/ko/viewer.properties",
        "/assets/locale/kok/viewer.properties",
        "/assets/locale/ks/viewer.properties",
        "/assets/locale/ku/viewer.properties",
        "/assets/locale/lg/viewer.properties",
        "/assets/locale/lij/viewer.properties",
        "/assets/locale/lo/viewer.properties",
        "/assets/locale/locale.properties",
        "/assets/locale/lt/viewer.properties",
        "/assets/locale/ltg/viewer.properties",
        "/assets/locale/lv/viewer.properties",
        "/assets/locale/mai/viewer.properties",
        "/assets/locale/meh/viewer.properties",
        "/assets/locale/mk/viewer.properties",
        "/assets/locale/ml/viewer.properties",
        "/assets/locale/mn/viewer.properties",
        "/assets/locale/mr/viewer.properties",
        "/assets/locale/ms/viewer.properties",
        "/assets/locale/my/viewer.properties",
        "/assets/locale/nb-NO/viewer.properties",
        "/assets/locale/ne-NP/viewer.properties",
        "/assets/locale/nl/viewer.properties",
        "/assets/locale/nn-NO/viewer.properties",
        "/assets/locale/nso/viewer.properties",
        "/assets/locale/oc/viewer.properties",
        "/assets/locale/or/viewer.properties",
        "/assets/locale/pa-IN/viewer.properties",
        "/assets/locale/pl/viewer.properties",
        "/assets/locale/pt-BR/viewer.properties",
        "/assets/locale/pt-PT/viewer.properties",
        "/assets/locale/rm/viewer.properties",
        "/assets/locale/ro/viewer.properties",
        "/assets/locale/ru/viewer.properties",
        "/assets/locale/rw/viewer.properties",
        "/assets/locale/sah/viewer.properties",
        "/assets/locale/sat/viewer.properties",
        "/assets/locale/scn/viewer.properties",
        "/assets/locale/si/viewer.properties",
        "/assets/locale/sk/viewer.properties",
        "/assets/locale/sl/viewer.properties",
        "/assets/locale/son/viewer.properties",
        "/assets/locale/sq/viewer.properties",
        "/assets/locale/sr/viewer.properties",
        "/assets/locale/sv-SE/viewer.properties",
        "/assets/locale/sw/viewer.properties",
        "/assets/locale/szl/viewer.properties",
        "/assets/locale/ta-LK/viewer.properties",
        "/assets/locale/ta/viewer.properties",
        "/assets/locale/te/viewer.properties",
        "/assets/locale/th/viewer.properties",
        "/assets/locale/tl/viewer.properties",
        "/assets/locale/tn/viewer.properties",
        "/assets/locale/tr/viewer.properties",
        "/assets/locale/trs/viewer.properties",
        "/assets/locale/tsz/viewer.properties",
        "/assets/locale/uk/viewer.properties",
        "/assets/locale/ur/viewer.properties",
        "/assets/locale/uz/viewer.properties",
        "/assets/locale/vi/viewer.properties",
        "/assets/locale/wo/viewer.properties",
        "/assets/locale/xh/viewer.properties",
        "/assets/locale/zam/viewer.properties",
        "/assets/locale/zh-CN/viewer.properties",
        "/assets/locale/zh-TW/viewer.properties",
        "/assets/locale/zu/viewer.properties",
        "/assets/pdf-2.7.673-es5.js",
        "/assets/pdf-2.7.673-es5.min.js",
        "/assets/pdf-2.7.673.js",
        "/assets/pdf-2.7.673.min.js",
        "/assets/pdf-es5.js.map",
        "/assets/pdf-es5.min.js.map",
        "/assets/pdf.js.map",
        "/assets/pdf.min.js.map",
        "/assets/pdf.sandbox.js",
        "/assets/pdf.sandbox.js.map",
        "/assets/pdf.worker-2.7.673-es5.js",
        "/assets/pdf.worker-2.7.673-es5.min.js",
        "/assets/pdf.worker-2.7.673.js",
        "/assets/pdf.worker-2.7.673.min.js",
        "/assets/pdf.worker-es5.js.map",
        "/assets/pdf.worker-es5.min.js.map",
        "/assets/pdf.worker.js.map",
        "/assets/pdf.worker.min.js.map",
        "/assets/pdf/159.pdf",
        "/assets/pdf/161.pdf",
        "/assets/pdf/162.pdf",
        "/assets/pdf/167.pdf",
        "/assets/pdf/545.pdf",
        "/assets/pdf/546.pdf",
        "/assets/pdf/547.pdf",
        "/assets/pdf/554.pdf",
        "/assets/pdf/580.pdf",
        "/assets/pdf/clausula.pdf",
        "/assets/pdf/politica.pdf",
        "/assets/viewer-2.7.673-es5.js",
        "/assets/viewer-2.7.673-es5.min.js",
        "/assets/viewer-2.7.673.js",
        "/assets/viewer-2.7.673.min.js",
        "/assets/viewer-es5.js.map",
        "/assets/viewer-es5.min.js.map",
        "/assets/viewer.js.map",
        "/assets/viewer.min.js.map",
        "/fontawesome-webfont.674f50d287a8c48dc19b.eot",
        "/fontawesome-webfont.912ec66d7572ff821749.svg",
        "/fontawesome-webfont.af7ae505a9eed503f8b8.woff2",
        "/fontawesome-webfont.b06871f281fee6b241d6.ttf",
        "/fontawesome-webfont.fee66e712a8a08eef580.woff"
      ],
      "patterns": []
    }
  ],
  "dataGroups": [],
  "hashTable": {
    "/3-es5.2c8cc746cb767bdfe8da.js": "fdf32daac9aa73fee73ee3e869c17c27d0509ede",
    "/4-es2015.ad301b5b7f917f45be1a.js": "3dd0df61eee12567562e4924aded0b0cf0ffbdf9",
    "/Gotham-Black.e29998d86afd3d3d0dfc.woff": "7e167c0c526bd2762198fab933ec6e176edd7273",
    "/Gotham-Bold.b51ec430e735ebae2edd.woff": "2bfa700e14ebb806bcbf45eedb34c9caa0a03e86",
    "/Gotham-BookItalic.cec78cc5a1d901e4874e.woff": "efe862a5cef8279e4cc02f9d11724ff67bd083b0",
    "/Gotham-Light.dcb8a07cf3cbc95e4fc3.woff": "7ff67916e251b08124402db74e8934aa955f8ae7",
    "/Gotham-Thin.cae9f840575e702faf52.woff": "0648bd107840c42dd2047b418bcf39da28310b0b",
    "/Gotham-ThinItalic.9633c2743683e1725e07.woff": "e6f8c6e883018f306123ad490cd41cfc8f550a25",
    "/Gotham-UltraItalic.a5048d9425015d68823a.woff": "d0033177bd45349167876271c61a727c051f6f68",
    "/Gotham-XLight.c614fbadff73fc2f0825.woff": "a6797084fd6386fe74ff27b0057ebfd705f6e1f8",
    "/Gotham-XLightItalic.a2a0f26729aefc3a01b6.woff": "acced7e0b155316ad3dde1190e929c27260e012c",
    "/GothamBold.39b1c119caf33ce82b61.woff": "ac6baca95fbe8f5efa38cdec370b70cae7c41c8d",
    "/GothamBoldItalic.4091bfea289f4d7a9feb.woff": "d2e879bfdd4f2d05b6589fccffbe9a9006c85400",
    "/GothamBook.41eebc608a217814063e.woff": "3418909513623eedf69cfabf78d70efb17dab513",
    "/GothamBookItalic.50aed062699526d3b2fc.woff": "cc31bd024ee87d2933b9afd8cf2e41cf6f9f9755",
    "/GothamLight.f0de7009e4f575046385.woff": "5304989379737539bd461a150a9bc69e1eee8b44",
    "/GothamLightItalic.7f5118ac8a719c29c554.woff": "6b72e35dfe9d9f5ee6bc428f4e826d69f1679cae",
    "/GothamMedium.ba7ee4ffcdcd65f753a3.woff": "06c6d2b58449e04caa98d4f80da79f07b10b036a",
    "/GothamMediumItalic.3718793abbcecd542fb0.woff": "9339397c789fc3a0d0d3c89806a34e87bb1d2e55",
    "/GothamMedium_1.ba7ee4ffcdcd65f753a3.woff": "06c6d2b58449e04caa98d4f80da79f07b10b036a",
    "/Hero.66ea2f27441b782f8f03.otf": "1c08357af7ecb4b2524743bf17c49d86c6d8ee5a",
    "/assets/additional-locale/de.properties": "a6bc9efb520f826fe4b7af4674b130f7d535aa36",
    "/assets/additional-locale/en.properties": "d5d9318b43d92fe734c81c0d24d35281a4f4518b",
    "/assets/additional-locale/es.properties": "01808ba09a1ae8d86469c65df10194d5ed4fc160",
    "/assets/additional-locale/fr.properties": "0881bafd5b91df9853309333a84ee6c61ded0bd1",
    "/assets/additional-locale/nl.properties": "fc59809bb5832fb9417ad2d910f610c1cccded05",
    "/assets/additional-locale/pt.properties": "5555cf5a53c92b8b598063b4a6a8c1cac0ae10ab",
    "/assets/additional-locale/sl.properties": "526d2b096f187548db3736d29b4dc99c9f6983a3",
    "/assets/cmaps/78-EUC-H.bcmap": "c84a5fe05bb2a5e4e599329d0ebb3ed8fe1ebfdf",
    "/assets/cmaps/78-EUC-V.bcmap": "678dcba8720226133150374f78493cc09c9b8d9e",
    "/assets/cmaps/78-H.bcmap": "e77449427a5d5411c9da1c1a64e1e3ae362bbcdf",
    "/assets/cmaps/78-RKSJ-H.bcmap": "5f0f202932865c38e7b0b06924e419c77f74be85",
    "/assets/cmaps/78-RKSJ-V.bcmap": "3fa6830e3e5c6b0cc5d03402cfb6712a04c08d31",
    "/assets/cmaps/78-V.bcmap": "c58a521bdfad6ffe30e292505992a396033d03c3",
    "/assets/cmaps/78ms-RKSJ-H.bcmap": "ef37df685e4779722b34fcc026b196b224bfca13",
    "/assets/cmaps/78ms-RKSJ-V.bcmap": "27d45708491107b2cf673c2cd584bf22ca27e4e4",
    "/assets/cmaps/83pv-RKSJ-H.bcmap": "c4474f77d94be66d771ba68f18ff2fd606a3c820",
    "/assets/cmaps/90ms-RKSJ-H.bcmap": "994ca6d6232d91be047c68e087e0951dcca4cba4",
    "/assets/cmaps/90ms-RKSJ-V.bcmap": "c4ed8e0b82fc29ff6140c72ec8ab3acc3cd0578f",
    "/assets/cmaps/90msp-RKSJ-H.bcmap": "d3f02d6724d9c91d077ed38545c9321dba65b624",
    "/assets/cmaps/90msp-RKSJ-V.bcmap": "ddfc0fdb34314f2d7116d707fa6dbb24bc9bf390",
    "/assets/cmaps/90pv-RKSJ-H.bcmap": "76218acded94b2d29f747735e7fb41f19cee84eb",
    "/assets/cmaps/90pv-RKSJ-V.bcmap": "7296d339f5c1d843b823482fa2b3857c0559eb93",
    "/assets/cmaps/Add-H.bcmap": "cd55ec3d5627b80505d7dbea433e5702f8c05260",
    "/assets/cmaps/Add-RKSJ-H.bcmap": "9a17c268decf876dc35c5f20c660ee63563fa523",
    "/assets/cmaps/Add-RKSJ-V.bcmap": "0e4ef11ed7f4e5ed3b2e32f267f4c3fb4359d08e",
    "/assets/cmaps/Add-V.bcmap": "02ca7b80b507640df998e9b5f6d25b346082d8c1",
    "/assets/cmaps/Adobe-CNS1-0.bcmap": "241cccfc85b5ef9ea4618f94a6341e02d1b03b98",
    "/assets/cmaps/Adobe-CNS1-1.bcmap": "f37b5b68198690c8270322daa0ea522225a46127",
    "/assets/cmaps/Adobe-CNS1-2.bcmap": "a568bee71b12ec4e79a2fa65c4eb9f865c505a5e",
    "/assets/cmaps/Adobe-CNS1-3.bcmap": "ef567b58254e03837d46e1fdff4fea5cce318a74",
    "/assets/cmaps/Adobe-CNS1-4.bcmap": "5f81f4782a5f996649dc318c1587ae7728afd10b",
    "/assets/cmaps/Adobe-CNS1-5.bcmap": "b7de7cea41575c7933cffdb917ad1f918df76c70",
    "/assets/cmaps/Adobe-CNS1-6.bcmap": "4eaa2ec548df7cdbdece2eec227fdb9d4cb2f281",
    "/assets/cmaps/Adobe-CNS1-UCS2.bcmap": "bee971d04cae79d791a52bf0d3d5e2e9deb1d1c8",
    "/assets/cmaps/Adobe-GB1-0.bcmap": "86edf145080d2fedba2f0a0b0ab1bc18d9a5af55",
    "/assets/cmaps/Adobe-GB1-1.bcmap": "83cc28efd5e778b9d37898f9b100b502bc442dc3",
    "/assets/cmaps/Adobe-GB1-2.bcmap": "a3ce0132af54173d30a4330314bc4cf273fc29c8",
    "/assets/cmaps/Adobe-GB1-3.bcmap": "c7b6cfbeac681010771d022d319913c798416d75",
    "/assets/cmaps/Adobe-GB1-4.bcmap": "cee3007bb41ed1bbe7fd22f054c0fb036a92c8cf",
    "/assets/cmaps/Adobe-GB1-5.bcmap": "a7d9440784d773507e3d83d0bf93fa8d93a3289f",
    "/assets/cmaps/Adobe-GB1-UCS2.bcmap": "23366624efa674e2493a18bf6b6e2c16929d68d3",
    "/assets/cmaps/Adobe-Japan1-0.bcmap": "ce5b494e809c30621968169d01d1136f3ad1ce3c",
    "/assets/cmaps/Adobe-Japan1-1.bcmap": "a766b29745a30aa3316cafc73d884c271cc12ff4",
    "/assets/cmaps/Adobe-Japan1-2.bcmap": "78c4e86cff8aa1c2f2bc18aaf83095a96f0bca50",
    "/assets/cmaps/Adobe-Japan1-3.bcmap": "5b520d2cf37e21b084bc9e6a21d006c53e4e552e",
    "/assets/cmaps/Adobe-Japan1-4.bcmap": "4136c902f4715ed18b8b2390965d3621d2fda048",
    "/assets/cmaps/Adobe-Japan1-5.bcmap": "38970fd416a1c3ef4faa25009254347627d24964",
    "/assets/cmaps/Adobe-Japan1-6.bcmap": "dfba7ab251b5ac07d7648c4e81e808ea096578c9",
    "/assets/cmaps/Adobe-Japan1-UCS2.bcmap": "d99c0d908b8075afa69aa3c579a9393b13b29dd9",
    "/assets/cmaps/Adobe-Korea1-0.bcmap": "ca8e1774cdd2859ba0341e4474d07d6fb2f9395b",
    "/assets/cmaps/Adobe-Korea1-1.bcmap": "e9b783963160380ccfe33fa1dcdd9c79b1cf2934",
    "/assets/cmaps/Adobe-Korea1-2.bcmap": "0b8d7fd848de3efa86f958c6e1cf5aece9bf1bf4",
    "/assets/cmaps/Adobe-Korea1-UCS2.bcmap": "15e4e07c96891a2bb2778b5df8dd0a131edeed52",
    "/assets/cmaps/B5-H.bcmap": "771d71153bf652d1134b7d65beb8afc60c835ff6",
    "/assets/cmaps/B5-V.bcmap": "dfc7362c157c24651761e5216ef0c46aba795488",
    "/assets/cmaps/B5pc-H.bcmap": "29d5fd41dc8fc4f19b59949b9a7f410d63f4f3bd",
    "/assets/cmaps/B5pc-V.bcmap": "f12ae6ed2320136959420e28b1b937001cdd4f0b",
    "/assets/cmaps/CNS-EUC-H.bcmap": "1da78eb52781330148c95ccf64c78edd2072a991",
    "/assets/cmaps/CNS-EUC-V.bcmap": "895fe039258dae00d7a8cea93b3b07d794543d2d",
    "/assets/cmaps/CNS1-H.bcmap": "07f422b28ca4fedf2cdc6ccdf551eaecae40f60b",
    "/assets/cmaps/CNS1-V.bcmap": "7455bd92e1a1f32bfd2cb5b80eb938aa665f6b8a",
    "/assets/cmaps/CNS2-H.bcmap": "0570a8186311bba4ad216250f805461220d41d0a",
    "/assets/cmaps/CNS2-V.bcmap": "c0870c3fad8349e3391ff7cda29d1f3a917e27f1",
    "/assets/cmaps/ETHK-B5-H.bcmap": "225205ad3aad58967faf23a2504731abebc6dccc",
    "/assets/cmaps/ETHK-B5-V.bcmap": "03e35e7fc1b75495df5559a3f71c5f0cbd1517ba",
    "/assets/cmaps/ETen-B5-H.bcmap": "9c3b70700d7ae2b8c4cc6f658cdc98f4e65b3be4",
    "/assets/cmaps/ETen-B5-V.bcmap": "5b637fa1b203754d98463053b38a2f694cde499b",
    "/assets/cmaps/ETenms-B5-H.bcmap": "1207c931295ad5f57a430317d5014fb66d0eab7d",
    "/assets/cmaps/ETenms-B5-V.bcmap": "631c58a7f7a8094d44a858d26485ab65b499b59b",
    "/assets/cmaps/EUC-H.bcmap": "f88729b6a413ae1365bafb5dc8076b465aa1fb87",
    "/assets/cmaps/EUC-V.bcmap": "c47c42d9099caf1447498e57fc1c8f3c7ff417b3",
    "/assets/cmaps/Ext-H.bcmap": "4b6a27e1125bb11bf9fd8fe9c5375f7781c95204",
    "/assets/cmaps/Ext-RKSJ-H.bcmap": "e1c2563a6d785aa5e30de423911d179fe79ec957",
    "/assets/cmaps/Ext-RKSJ-V.bcmap": "5443591823737ba98993537c4d4e8af70a37c92e",
    "/assets/cmaps/Ext-V.bcmap": "0d88a7517783f25ce1eee082a5ed12b0f96061c2",
    "/assets/cmaps/GB-EUC-H.bcmap": "4231eab22968baa29ea4e6fdc4278b737067a7da",
    "/assets/cmaps/GB-EUC-V.bcmap": "7d268732b300431fced1351b4bfd12b51299283e",
    "/assets/cmaps/GB-H.bcmap": "3f1c2a68bdd13541e6a2cd6a7a393581e9444e1e",
    "/assets/cmaps/GB-V.bcmap": "b70477a9738709f639adf6bc20e81363efcc9ed0",
    "/assets/cmaps/GBK-EUC-H.bcmap": "08986b370ac27b60cf8cd7023c9e49f6b784b52b",
    "/assets/cmaps/GBK-EUC-V.bcmap": "4f0e0cfffafa21b30f7a25e5161738faf2e265fe",
    "/assets/cmaps/GBK2K-H.bcmap": "a36052b8b5d7dc1dde2b721437d6abc90ec7cefe",
    "/assets/cmaps/GBK2K-V.bcmap": "d27b6916b7de1993464e5f33822f176fdc8e949f",
    "/assets/cmaps/GBKp-EUC-H.bcmap": "a8785a44403f130097ee9a23c3923d5af252ac51",
    "/assets/cmaps/GBKp-EUC-V.bcmap": "717f6d6585184bfebb894e59868886ab8f3c38f1",
    "/assets/cmaps/GBT-EUC-H.bcmap": "e2dda44896a41f4fa817c5397f17894763b7623e",
    "/assets/cmaps/GBT-EUC-V.bcmap": "9d6ef5fa295e3005d620904754d7cc16104be908",
    "/assets/cmaps/GBT-H.bcmap": "62508bbc22bcd3795e4af2c7fa3cfddc71367813",
    "/assets/cmaps/GBT-V.bcmap": "2f0936e0bd4362f7c6f8c2b56642d6483366cd11",
    "/assets/cmaps/GBTpc-EUC-H.bcmap": "388eb76b53b008d90dfe68c1e3288314b21c3cdc",
    "/assets/cmaps/GBTpc-EUC-V.bcmap": "ce125f52097c71fc83631577977ac267b8901c78",
    "/assets/cmaps/GBpc-EUC-H.bcmap": "5c34efa7cca4e2f652f81f4498fdf41db1b7b1e6",
    "/assets/cmaps/GBpc-EUC-V.bcmap": "36004a6bedae0edfaea620a7d8f61cfb875f9640",
    "/assets/cmaps/H.bcmap": "149c08c0eadc405f6ba64adac9329fdb300d11ab",
    "/assets/cmaps/HKdla-B5-H.bcmap": "57ba02cf438eba88d2071bd99d1beb816b438b9e",
    "/assets/cmaps/HKdla-B5-V.bcmap": "035e4064559dd56ceb0f06c3ac1c2e766aeffe62",
    "/assets/cmaps/HKdlb-B5-H.bcmap": "2be77ea4f4cd8a338ff7007d314773582f565efa",
    "/assets/cmaps/HKdlb-B5-V.bcmap": "3dc79100304f82ec559b70d120100f6ebe6ab5c0",
    "/assets/cmaps/HKgccs-B5-H.bcmap": "dbaa1026222370fa6e3275c98e3bdb5ef3d37709",
    "/assets/cmaps/HKgccs-B5-V.bcmap": "6f22784990eb168bcf9192e7e36de18e08927dfb",
    "/assets/cmaps/HKm314-B5-H.bcmap": "cbfb65ab0cae690e7679a1769de521ea20fb6602",
    "/assets/cmaps/HKm314-B5-V.bcmap": "3ef5f7e35ebffe68dea8ea757cdceac5b8151372",
    "/assets/cmaps/HKm471-B5-H.bcmap": "a75f2e32e5495d46e14b1d07ac124b3fc675ef1a",
    "/assets/cmaps/HKm471-B5-V.bcmap": "2a6f2cc4d105f464432187daeff7b81040c093e4",
    "/assets/cmaps/HKscs-B5-H.bcmap": "45f1793e771de030af89938eed23fff4c7daca3a",
    "/assets/cmaps/HKscs-B5-V.bcmap": "fa5b3a1f0b3ab6bd614f8a39c9ab80b203daadf5",
    "/assets/cmaps/Hankaku.bcmap": "dfc2f635dd66602f9978ae3fe72695a02e512a6a",
    "/assets/cmaps/Hiragana.bcmap": "10e7a0f20cde8865a1dd3086a89f2e96e330d1a6",
    "/assets/cmaps/KSC-EUC-H.bcmap": "bc349367bb60b06af5fdeeec05047f596ac71ab3",
    "/assets/cmaps/KSC-EUC-V.bcmap": "4529ddac78c931d63411b6061b0af740b4c44ca5",
    "/assets/cmaps/KSC-H.bcmap": "42e15fbce70bdec4f7bb5b2cbd02b0efd8bc65fc",
    "/assets/cmaps/KSC-Johab-H.bcmap": "3585accc6e6957eda55302393fd9c3a563db6cbb",
    "/assets/cmaps/KSC-Johab-V.bcmap": "e68b770b37b591884c459d6ce3bb43bc4556547b",
    "/assets/cmaps/KSC-V.bcmap": "22b097fd376c21e40a0f9392961be74acc316343",
    "/assets/cmaps/KSCms-UHC-H.bcmap": "4e0ed017a2a41ee7bf6eacf0f7e6b40ae60d223d",
    "/assets/cmaps/KSCms-UHC-HW-H.bcmap": "d410341b19a6f05e0c20ea4a1a77078a3084044e",
    "/assets/cmaps/KSCms-UHC-HW-V.bcmap": "6cfeb36f492702aef5ce5b7671342291010b29e1",
    "/assets/cmaps/KSCms-UHC-V.bcmap": "3de7c5c70cf172ff560a62d5dfe84a9336b4f5ad",
    "/assets/cmaps/KSCpc-EUC-H.bcmap": "3705fd3621117a7e5a3772c3849c5d69620ef08f",
    "/assets/cmaps/KSCpc-EUC-V.bcmap": "1d3a11932c44a5fa8fa22efd2bd3dba7db9a2c8e",
    "/assets/cmaps/Katakana.bcmap": "da100ad00f2a9ba196892bfb4d6644ec828a4fcf",
    "/assets/cmaps/LICENSE": "1afb5991fce0d60110b5092b68bf9ff76b0c73f6",
    "/assets/cmaps/NWP-H.bcmap": "7d0f51c52d7a96bf289d0c6454d7e9dccf009c15",
    "/assets/cmaps/NWP-V.bcmap": "891a866c52b46e7526123799a829db24ac6cda4f",
    "/assets/cmaps/RKSJ-H.bcmap": "a4f7d5cdd13d3008cc42d82f69672d9e50a9d5b3",
    "/assets/cmaps/RKSJ-V.bcmap": "16ae42a46e7eb92ca048fe24649b668c5103b4b2",
    "/assets/cmaps/Roman.bcmap": "5755781c7e9c50cc8192426d8733a506382b5fdd",
    "/assets/cmaps/UniCNS-UCS2-H.bcmap": "7f289b94c643b7cc43d4936078143a2347ca0fc1",
    "/assets/cmaps/UniCNS-UCS2-V.bcmap": "6b19ece5c921516431eb94d28d74080fdd7d35bc",
    "/assets/cmaps/UniCNS-UTF16-H.bcmap": "d73d55388c76932033915cea627bb628edad4f66",
    "/assets/cmaps/UniCNS-UTF16-V.bcmap": "0f7152f2845cc2be4d3ce7e0e1530639ec4162e3",
    "/assets/cmaps/UniCNS-UTF32-H.bcmap": "a5872864e2b121c1df5068a54201ed166c69d5f1",
    "/assets/cmaps/UniCNS-UTF32-V.bcmap": "debaa98acaf13f341a5003856ef6a6a7df8f6e14",
    "/assets/cmaps/UniCNS-UTF8-H.bcmap": "734ad1a00033d70c195c81358b643c7cba1327b2",
    "/assets/cmaps/UniCNS-UTF8-V.bcmap": "019bd0716b2aa80bc1bcabfd389d3d5e1065ba8e",
    "/assets/cmaps/UniGB-UCS2-H.bcmap": "868238e34cb9548c4d138af1adc1a4bea62dec37",
    "/assets/cmaps/UniGB-UCS2-V.bcmap": "f5853ca83c25b888c1d925e2a20ef44e064d064e",
    "/assets/cmaps/UniGB-UTF16-H.bcmap": "28963866dfb575b58b4370e60ebd9bfb6e56ac09",
    "/assets/cmaps/UniGB-UTF16-V.bcmap": "1771376eef979ad42c2b5c01a1af1d34f54580b7",
    "/assets/cmaps/UniGB-UTF32-H.bcmap": "b9ea278eb4c324d12a81e2d62479548d1e7126cb",
    "/assets/cmaps/UniGB-UTF32-V.bcmap": "8167ba503aa8a6c805f39be0ca538b99898a967d",
    "/assets/cmaps/UniGB-UTF8-H.bcmap": "09cc7750f69da77434093e4c94211394f5665eda",
    "/assets/cmaps/UniGB-UTF8-V.bcmap": "e23616fa12132c73f52071b96e76d876430ececf",
    "/assets/cmaps/UniJIS-UCS2-H.bcmap": "caf525125e29fa4de78088e5eb1785c1af1f9950",
    "/assets/cmaps/UniJIS-UCS2-HW-H.bcmap": "97cbb8599cf62914885a8b2b47594865fff52099",
    "/assets/cmaps/UniJIS-UCS2-HW-V.bcmap": "f36bad9c680f4bba6cbcf8ac57f53e7ce21c806b",
    "/assets/cmaps/UniJIS-UCS2-V.bcmap": "45396576a6bd5468a84e2c2e4ae64c23fe7f2e85",
    "/assets/cmaps/UniJIS-UTF16-H.bcmap": "16499e93f0a447a94e1e44bfa9951401d290d89d",
    "/assets/cmaps/UniJIS-UTF16-V.bcmap": "44402b8f73e0b0160846b641e7cb2e75ab8c81bd",
    "/assets/cmaps/UniJIS-UTF32-H.bcmap": "bc482114d214e2fffe85dd0b7422f48c3e282c17",
    "/assets/cmaps/UniJIS-UTF32-V.bcmap": "2f5ec2584fd7c39f455161a857550fa7fea5f53a",
    "/assets/cmaps/UniJIS-UTF8-H.bcmap": "f47956c1c7b2eadbda93aac25fe4546b413ec0a5",
    "/assets/cmaps/UniJIS-UTF8-V.bcmap": "b3ea8d2172a2f6f9e73cf62ae467aa84848df6d7",
    "/assets/cmaps/UniJIS2004-UTF16-H.bcmap": "b8b0cc6779d3960426899fc2e7cf2866ffc80167",
    "/assets/cmaps/UniJIS2004-UTF16-V.bcmap": "2872cb273dab9d0dbb7f331826045df18764a7b0",
    "/assets/cmaps/UniJIS2004-UTF32-H.bcmap": "f48723212d1ad18c0b3c41168d6f630798e04160",
    "/assets/cmaps/UniJIS2004-UTF32-V.bcmap": "ef16ccb3102fc44c1d46f4cad40cfbdb020ee277",
    "/assets/cmaps/UniJIS2004-UTF8-H.bcmap": "385ab762d03499d35539048176928e031e5340d1",
    "/assets/cmaps/UniJIS2004-UTF8-V.bcmap": "565560a59d5174ac379a8d91f165c8ecdef54e06",
    "/assets/cmaps/UniJISPro-UCS2-HW-V.bcmap": "3f0a364246717707db82913593304cb7bd37c378",
    "/assets/cmaps/UniJISPro-UCS2-V.bcmap": "b1a47305fa79afa19ab696d33af5099d35570c56",
    "/assets/cmaps/UniJISPro-UTF8-V.bcmap": "ed6b571aeed388d3b53b9e65824af3f0146a5857",
    "/assets/cmaps/UniJISX0213-UTF32-H.bcmap": "15c953c36436d32f748ec7468a95c3e5843d70bb",
    "/assets/cmaps/UniJISX0213-UTF32-V.bcmap": "dfbe3e295505977b4e1881ef30b80362d7406bbc",
    "/assets/cmaps/UniJISX02132004-UTF32-H.bcmap": "c41dd50df01e3d3331f0acdb6da6c1b857a67cf7",
    "/assets/cmaps/UniJISX02132004-UTF32-V.bcmap": "9c48a0c654acf4bcf51defde2f7d8b3ce52a063d",
    "/assets/cmaps/UniKS-UCS2-H.bcmap": "50fcce1b2e3224791b480289e7c4c42938beb854",
    "/assets/cmaps/UniKS-UCS2-V.bcmap": "6743b3e07370fd49962b97d97be77dae8d18aabb",
    "/assets/cmaps/UniKS-UTF16-H.bcmap": "4f4603408966d9ac29a96c3a6755b9f23e7aa953",
    "/assets/cmaps/UniKS-UTF16-V.bcmap": "cfdbfbf0b0e8ef98fef6236ea570c73465da1581",
    "/assets/cmaps/UniKS-UTF32-H.bcmap": "6b0e98e16418fa5a86338b3fb361f1700971f649",
    "/assets/cmaps/UniKS-UTF32-V.bcmap": "73bd343b188a80471eb156655f5b192903f86cbf",
    "/assets/cmaps/UniKS-UTF8-H.bcmap": "8117d31e498a8f0fb7c223c4172ba881c0496c6f",
    "/assets/cmaps/UniKS-UTF8-V.bcmap": "586c64948a67e4cb12de64e221b0dc3d9e47dedf",
    "/assets/cmaps/V.bcmap": "99790f12ca21a196bc1d836ae5bf0ad7af95e079",
    "/assets/cmaps/WP-Symbol.bcmap": "3a6417abad460a1a083be75636c014f3a73937b5",
    "/assets/favicon.png": "cf404830d3304adddf0358a92cdc58ac5eb6216e",
    "/assets/fonts/Gotham-Black.woff": "7e167c0c526bd2762198fab933ec6e176edd7273",
    "/assets/fonts/Gotham-Bold.woff": "2bfa700e14ebb806bcbf45eedb34c9caa0a03e86",
    "/assets/fonts/Gotham-BookItalic.woff": "efe862a5cef8279e4cc02f9d11724ff67bd083b0",
    "/assets/fonts/Gotham-Light.woff": "7ff67916e251b08124402db74e8934aa955f8ae7",
    "/assets/fonts/Gotham-Thin.woff": "0648bd107840c42dd2047b418bcf39da28310b0b",
    "/assets/fonts/Gotham-ThinItalic.woff": "e6f8c6e883018f306123ad490cd41cfc8f550a25",
    "/assets/fonts/Gotham-UltraItalic.woff": "d0033177bd45349167876271c61a727c051f6f68",
    "/assets/fonts/Gotham-XLight.woff": "a6797084fd6386fe74ff27b0057ebfd705f6e1f8",
    "/assets/fonts/Gotham-XLightItalic.woff": "acced7e0b155316ad3dde1190e929c27260e012c",
    "/assets/fonts/GothamBold.woff": "ac6baca95fbe8f5efa38cdec370b70cae7c41c8d",
    "/assets/fonts/GothamBoldItalic.woff": "d2e879bfdd4f2d05b6589fccffbe9a9006c85400",
    "/assets/fonts/GothamBook.woff": "3418909513623eedf69cfabf78d70efb17dab513",
    "/assets/fonts/GothamBookItalic.woff": "cc31bd024ee87d2933b9afd8cf2e41cf6f9f9755",
    "/assets/fonts/GothamLight.woff": "5304989379737539bd461a150a9bc69e1eee8b44",
    "/assets/fonts/GothamLightItalic.woff": "6b72e35dfe9d9f5ee6bc428f4e826d69f1679cae",
    "/assets/fonts/GothamMedium.woff": "06c6d2b58449e04caa98d4f80da79f07b10b036a",
    "/assets/fonts/GothamMediumItalic.woff": "9339397c789fc3a0d0d3c89806a34e87bb1d2e55",
    "/assets/fonts/GothamMedium_1.woff": "06c6d2b58449e04caa98d4f80da79f07b10b036a",
    "/assets/fonts/Hero.otf": "1c08357af7ecb4b2524743bf17c49d86c6d8ee5a",
    "/assets/fonts/example.html": "a3297d64be90f7b68cad31796af036957a7f295f",
    "/assets/fonts/style.css": "77fd4ad2716a380c5c3401f82f8f61dc59f06dd9",
    "/assets/icons/icon-128x128.png": "185fe2a1b5537d0954708edb93c372dedafca01f",
    "/assets/icons/icon-144x144.png": "1cb9b61aeda9e2ca4ece12a91e00ae385dc577a0",
    "/assets/icons/icon-152x152.png": "1cb9b61aeda9e2ca4ece12a91e00ae385dc577a0",
    "/assets/icons/icon-192x192.png": "1cb9b61aeda9e2ca4ece12a91e00ae385dc577a0",
    "/assets/icons/icon-384x384.png": "1cb9b61aeda9e2ca4ece12a91e00ae385dc577a0",
    "/assets/icons/icon-512x512.png": "1cb9b61aeda9e2ca4ece12a91e00ae385dc577a0",
    "/assets/icons/icon-72x72.png": "cf404830d3304adddf0358a92cdc58ac5eb6216e",
    "/assets/icons/icon-96x96.png": "2dae9a7f1c6bd7065e9a9bfad4d29695cbcbcbee",
    "/assets/icons/images/icons/icon-128x128.png": "185fe2a1b5537d0954708edb93c372dedafca01f",
    "/assets/icons/images/icons/icon-144x144.png": "1cb9b61aeda9e2ca4ece12a91e00ae385dc577a0",
    "/assets/icons/images/icons/icon-152x152.png": "1cb9b61aeda9e2ca4ece12a91e00ae385dc577a0",
    "/assets/icons/images/icons/icon-192x192.png": "1cb9b61aeda9e2ca4ece12a91e00ae385dc577a0",
    "/assets/icons/images/icons/icon-384x384.png": "1cb9b61aeda9e2ca4ece12a91e00ae385dc577a0",
    "/assets/icons/images/icons/icon-512x512.png": "1cb9b61aeda9e2ca4ece12a91e00ae385dc577a0",
    "/assets/icons/images/icons/icon-72x72.png": "cf404830d3304adddf0358a92cdc58ac5eb6216e",
    "/assets/icons/images/icons/icon-96x96.png": "2dae9a7f1c6bd7065e9a9bfad4d29695cbcbcbee",
    "/assets/images/Buttom_BurgerMenu_Landing.svg": "bf841796cd682e8aa55557b93ee2d86ba645b0df",
    "/assets/images/Buttom_Login_Landing.svg": "44e589cd34a804c72e23919bcdbed87636d94172",
    "/assets/images/Grupo 1055.png": "6cab10cfcd127d006155dd207eca70602cddfd2f",
    "/assets/images/Grupo 301.png": "19f029d7464c453b3a687eb7e71ceb84f2ff02d0",
    "/assets/images/IconDropdown_Edit.svg": "8f726ae0dbe70a672b0405d386dd2defc28a1de5",
    "/assets/images/IconDropdown_Home.svg": "46872ce4723188a7e27ae0d2fa5e4047503b72d3",
    "/assets/images/IconDropdown_Work.svg": "5fe0a4d947a57ad4d2d5fe28dce3c08665d18bb2",
    "/assets/images/Icon_Adjuntar 1.svg": "ecc9921773ad3a105ab45435a450f88d12412890",
    "/assets/images/Icon_Adjuntar 10.svg": "e4a882b5c0997bf35248324efde49daeb01cbd2a",
    "/assets/images/Icon_Adjuntar 2.svg": "bc006a9b3b5115850eba40d9f54116dce2f46cd4",
    "/assets/images/Icon_Adjuntar 3.svg": "d33eaf5124fafef0e16950631f5d24c14a4381f2",
    "/assets/images/Icon_Adjuntar 4.svg": "a381cfe87cda921afb7a324e242be56fe34ac033",
    "/assets/images/Icon_Adjuntar 5.svg": "74a9755c709c97a3134115ceaf25bdc9c526d536",
    "/assets/images/Icon_Adjuntar 6.svg": "281ece0c62cf83d98280280bc8c39986fbf25a18",
    "/assets/images/Icon_Adjuntar 7.svg": "aa8d5549e9256e5d0cc561bb32aed6ab45b0525e",
    "/assets/images/Icon_Adjuntar 8.svg": "b39dab96952678c3df47a9d194abe596d02825f3",
    "/assets/images/Icon_Adjuntar 9.svg": "7e7182c1b7fef09e37e946460ddca312fb6ba94c",
    "/assets/images/Icon_Adjuntar Documentos.svg": "beff085576176945f10037df17bbe8cdae7801cc",
    "/assets/images/Icon_Adjuntar Documentos_Gris.svg": "0eb636001ac4fcb4a267fdaa4f729035bee42f36",
    "/assets/images/Icon_Adjuntar Documentos_Verde.svg": "e234bfc869845b28def3f1afa1628d16b77ca31f",
    "/assets/images/Icon_Adjuntar_green 1.svg": "ada6efdb1f323030033397da6e80806ec2b25648",
    "/assets/images/Icon_Adjuntar_green 10.svg": "cdb3cd8abfa0d638a9e12d25454b49915e86bfc7",
    "/assets/images/Icon_Adjuntar_green 2.svg": "49c0e2f4b2f6608e4999e558ef0799f684ba5a80",
    "/assets/images/Icon_Adjuntar_green 3.svg": "36f43f52097b84756a213b92fc5cecd39e2b3b7f",
    "/assets/images/Icon_Adjuntar_green 4.svg": "a8e54b9940febc746bca7651bb1d171953dc2aa7",
    "/assets/images/Icon_Adjuntar_green 5.svg": "c3e913dc65b390246f1333c84a12aba5f64940cd",
    "/assets/images/Icon_Adjuntar_green 6.svg": "12e22a0900107b51daa74284a222f75eeb3075ac",
    "/assets/images/Icon_Adjuntar_green 7.svg": "aad832615b29b9f30cf5a9b0e303f5eea45a1f5e",
    "/assets/images/Icon_Adjuntar_green 8.svg": "f4b9bf614f9096281d428383f4399855a4b4778c",
    "/assets/images/Icon_Adjuntar_green 9.svg": "b67a24f6c6db3a1ba0e2d81df6c45f97fbb4d8d3",
    "/assets/images/Icon_Alerta.svg": "73f593a4b1e9c2d93b95e301a42e5d7fc2829aaa",
    "/assets/images/Icon_Aprobación en Proceso.svg": "5d5994fbfa22dd22070b20f84f73fa82aa828e48",
    "/assets/images/Icon_Aprobación en Proceso_Gris.svg": "815880238a0129239da4e89b26464fde9d0af6db",
    "/assets/images/Icon_Aprobación en Proceso_Verde.svg": "a6235606c3a1938d87f6b1be1f1f7d2ffc27c139",
    "/assets/images/Icon_Aprobado.svg": "b07b1cf2864fa7354e11c735b66bdb2757b9e650",
    "/assets/images/Icon_BurgerMenu_Mobile.svg": "ce0d86bff46997b9c6c78a9fe6cec7742a5d8339",
    "/assets/images/Icon_Calendario.svg": "e6bae6dd061e99680e14a49a0491be132df625e1",
    "/assets/images/Icon_ChevronLeft.svg": "bed4b59a4331a72656e88163bf6d6cd508f07826",
    "/assets/images/Icon_ChevronRight.svg": "f6f4ce944f7230c0698343cf2813ab3804efa0ad",
    "/assets/images/Icon_Crédito Desembolsado.svg": "cb111dd69f10f586ed29f2ab6872c52b644aba26",
    "/assets/images/Icon_Crédito Desembolsado_Gris.svg": "aa97406b0013b4a49a46baf9df6ac47eb21f5d02",
    "/assets/images/Icon_Crédito Desembolsado_Verde.svg": "4d893ccddeac8b8726a33ea0db2f5f522c5b6dcb",
    "/assets/images/Icon_Crédito Rechazado.svg": "b2afda8dee54b4c4bfbaad9fe16ab6a34ada2e2d",
    "/assets/images/Icon_Crédito Validacion.svg": "235664fe9545844faf94dc6c62ec2410b88b2b6f",
    "/assets/images/Icon_Crédito Validacion_Gris.svg": "d879e0ac429395a0602acb9a2d52824540c3d64b",
    "/assets/images/Icon_Crédito Validacion_Verde.svg": "2a0f0e90b0002bde963cab3eed10b20e11d4e461",
    "/assets/images/Icon_CréditoNoAprobado.svg": "22db36061a636e0be0b6ffadc2992e13174e55ac",
    "/assets/images/Icon_DropdownList.svg": "9d7d2ac0e2eb3c35a0d5333a886df8a2be61f1e8",
    "/assets/images/Icon_FinEtapa.svg": "0d1ae845b2100827fb26da2439714bf76979b765",
    "/assets/images/Icon_FlechaAprobado.svg": "4cb77b29be4a0a4506e8d9e3f022162c08d7ed97",
    "/assets/images/Icon_FlechaRechazado.svg": "e0c976d819d884158c7f6bc3b6113b822410fee7",
    "/assets/images/Icon_Llenar Formulario.svg": "6cde6baef4ed1ad9a502fec53f62558de08f2e39",
    "/assets/images/Icon_Llenar Formulario_Gris.svg": "4287bc44f6123396103456354badbf01099fc9e9",
    "/assets/images/Icon_Llenar Formulario_Verde.svg": "cd93df4af55038a6796110d819b7cd874d308f5a",
    "/assets/images/Icon_No aprobado.svg": "2e7777c8781ead5e8674ee30f3c5234254d5809b",
    "/assets/images/Icon_Recordatorio.svg": "01c3a51d88518c9900607be76818eb3aa72ed6c1",
    "/assets/images/Icon_Seleccionador.svg": "f03fea1051ca20a62ac6551bedff2c1440320a78",
    "/assets/images/Icon_Trofeo.svg": "e4fbb0ef4c232824d7c375732b61f7f6a2fff844",
    "/assets/images/LOGO SIN SLOGAN FINTRA (BLANCO).png": "721c880e5be9eabe7175e5d5cd7d091b688dfe5c",
    "/assets/images/LOGO-FINTRACREDIT-WEB.png": "631225ca9495187fbdb1832208ca5aed86d7033a",
    "/assets/images/Logo Fintra.svg": "eadf15049153e1e544b94d87a2e6f6cd2068a2ea",
    "/assets/images/No aprobado_icon-01-01.png": "9b57d2423c8ddbfa8e5c28547ec0710fff9bdf6e",
    "/assets/images/No aprobado_icon-02.png": "9a97b5bbfee84810142d4d7a5647de2321cfbbf9",
    "/assets/images/annotation-check.svg": "015d03ffa6a0ce93b41ed93a262879e4f8cf72fd",
    "/assets/images/annotation-comment.svg": "5ec875153d5046507050a3531422ca69b44680c7",
    "/assets/images/annotation-help.svg": "2f3d88f4e8cefafc2d76932104f6b2517034af2f",
    "/assets/images/annotation-insert.svg": "7a12af74ef20d5249a0c330d992bd1132308cbac",
    "/assets/images/annotation-key.svg": "d9224d3aef774d6ecc9735b440810ada4384be11",
    "/assets/images/annotation-newparagraph.svg": "453ba47aa10b6fcf8459569e0a550b4f91260ec7",
    "/assets/images/annotation-noicon.svg": "5a5447e5c39cf7ca748853a15dbd835ddaa3b5df",
    "/assets/images/annotation-note.svg": "6100deeb6121f98c7e024ec1a273171207c84c7f",
    "/assets/images/annotation-paragraph.svg": "70591a3b26c56815c6e5ab2bae959e8a951c43fb",
    "/assets/images/bg-extract.png": "d424bd9127480afd97c401663fc47cdfd0397219",
    "/assets/images/clip.png": "9bab5088f533b4dd226d9c0718e1a2d371f7fe93",
    "/assets/images/copy.png": "7540de9b0dda0459ffbc1b43dbafc84835ffc69d",
    "/assets/images/download.png": "9bb1055d05d8d1b1aea5f3cdeea6c84a69e8aeba",
    "/assets/images/iconos-web-edu-1.png": "7ed1bf917f36621a142a628e8cd190f9442c3b5c",
    "/assets/images/iconos-web-edu-2.png": "a7f0ca5d01edd51ff297a3cfc277beaa3d7060ae",
    "/assets/images/iconos-web-edu-3.png": "f6820a971db081cedf2c9f095e0826ef2508f991",
    "/assets/images/icons/icon-128x128.png": "185fe2a1b5537d0954708edb93c372dedafca01f",
    "/assets/images/icons/icon-144x144.png": "1cb9b61aeda9e2ca4ece12a91e00ae385dc577a0",
    "/assets/images/icons/icon-152x152.png": "1cb9b61aeda9e2ca4ece12a91e00ae385dc577a0",
    "/assets/images/icons/icon-192x192.png": "1cb9b61aeda9e2ca4ece12a91e00ae385dc577a0",
    "/assets/images/icons/icon-384x384.png": "1cb9b61aeda9e2ca4ece12a91e00ae385dc577a0",
    "/assets/images/icons/icon-512x512.png": "1cb9b61aeda9e2ca4ece12a91e00ae385dc577a0",
    "/assets/images/icons/icon-72x72.png": "cf404830d3304adddf0358a92cdc58ac5eb6216e",
    "/assets/images/icons/icon-96x96.png": "2dae9a7f1c6bd7065e9a9bfad4d29695cbcbcbee",
    "/assets/images/loading.gif": "b0061543886d3324505a26932441a33f9b1bee8e",
    "/assets/images/loading.mov": "5ffcdded3453389680bba2e5ae92208e5b76b0ab",
    "/assets/images/logo-white.png": "2183d1c05d1941be5376be2ef5f59bc4a7f1aa5e",
    "/assets/images/menu/Cerrar-Sesion-NO-SEL.png": "e5573f2fef55dec107ff98791b37b7399d710756",
    "/assets/images/menu/Cerrar-Sesion-SEL.png": "6d5eaf372888f992059c6788c81bcd14f4646fad",
    "/assets/images/menu/Nueva-Pre-solicitud-NO-SEL.png": "6087ef5b3fb07c4c19fbe99a859a36c5b5419ffe",
    "/assets/images/menu/Nueva-Pre-solicitud-SEL.png": "5cb5388610e511b401de11d63fed0c23b7e3aaee",
    "/assets/images/menu/PLAN-REFERIDOS-4.png": "bb0545b417269c0e58f9dc5f48dd6d1a64f91138",
    "/assets/images/menu/Pre-solicitud-NO-SEL.png": "510305b8068b8456652e153245e72d6afaf7dcba",
    "/assets/images/menu/Pre-solicitud-SEL.png": "fe8cc4f9bb9c7a76042f4f535455131ee55631d5",
    "/assets/images/menu/Renueva-NO-SEL.png": "c6814037c9cc6d6d3fd08551a33b8e5e79290176",
    "/assets/images/menu/Renueva-SEL.png": "51f2ed1429009cbe8fe1de51d5ab37b2e0cdf5c0",
    "/assets/images/menu/referir-blue-NO-SEL.png": "28022423eb5a9e5173c4e7defba3ccff04894a81",
    "/assets/images/menu/referir-blue-SEL.png": "fa110fd5779fdfb8c95c39815e05500daabd1b5f",
    "/assets/images/ok.png": "9d9128370136497b770b439177dc4a624e183a89",
    "/assets/images/preferidos.png": "33828313488ce8fccd8ec9626bec5175f9c1fb8a",
    "/assets/images/trash.png": "a1b88d70fb53bb5f1c5039b18751ac575c835344",
    "/assets/images/treeitem-collapsed.svg": "5b10744cb6d843f08b492fd10328c9cdb521ec14",
    "/assets/images/treeitem-expanded.svg": "f7791f5b8486039bfa9efbefe97de4ee4364a342",
    "/assets/inline-locale-files/ach.html": "134096cbb28a0636de892e371bff87097ca8eeef",
    "/assets/inline-locale-files/af.html": "779676f21e437491d677e3177d74274247db0253",
    "/assets/inline-locale-files/ak.html": "eecdbb4152223356c0449b395b29b71c31302654",
    "/assets/inline-locale-files/an.html": "45c4bce1495466e0291ecee9ff65178aa804519e",
    "/assets/inline-locale-files/ar.html": "b69b698cd221479ec46adc6c6844133b7158d628",
    "/assets/inline-locale-files/as.html": "871a9653b2de7eb71227188caa641af0b6f9b082",
    "/assets/inline-locale-files/ast.html": "ea651aee219cebd14b0ed827c95434d7b05dca84",
    "/assets/inline-locale-files/az.html": "a724f3e9272d3813da16e4f35f2b203f56fd065e",
    "/assets/inline-locale-files/be.html": "393bf787356c11b89b7f854ff23051155fb4f6b9",
    "/assets/inline-locale-files/bg.html": "49db7fae2a8d00c7b6b3517fd8cc456dfae2da07",
    "/assets/inline-locale-files/bn-BD.html": "4280cd36c67ef7e4840f05734b1e8c505b856e72",
    "/assets/inline-locale-files/bn-IN.html": "b5661051f40a56e41d6958cf2d5332d5cb3d315c",
    "/assets/inline-locale-files/bn.html": "aec6830529cedc3f432aa14f452dd31248837e44",
    "/assets/inline-locale-files/bo.html": "7f34b0d70fc8977845ae45576bd6034c706bb79d",
    "/assets/inline-locale-files/br.html": "992ef028250ba4a3b4e91b7d249b97459dba728e",
    "/assets/inline-locale-files/brx.html": "c9aecab0c09ef39cf75e305d002bdd45ad355fa5",
    "/assets/inline-locale-files/bs.html": "e09d9b1592eceb0315ce40eac1387260a2eacd4b",
    "/assets/inline-locale-files/ca.html": "a3842597e879d6dfa9766b4fe48da28281eda7c7",
    "/assets/inline-locale-files/cak.html": "aa8b224642cf0650c41c23f5632bb1220714ef9a",
    "/assets/inline-locale-files/ckb.html": "42db222f22e899aba09338d9f7ce8c6ebb3851ee",
    "/assets/inline-locale-files/crh.html": "d4631e6f33ba51054aaa216bc9f933576f471988",
    "/assets/inline-locale-files/cs.html": "0a6b8f5dd251bb1718a0dda99df738f0082edc7c",
    "/assets/inline-locale-files/csb.html": "94ab6708906f3a3974c627cd8b4c45b61b92ab2d",
    "/assets/inline-locale-files/cy.html": "99f838ca0ca8d2e9d2df3b5c186f1a1d75bb9983",
    "/assets/inline-locale-files/da.html": "7c394b41c0b465cfc44abafaea4778050176ef8d",
    "/assets/inline-locale-files/de.html": "e8d829cb1989d59853caf026630aefaacfb61d38",
    "/assets/inline-locale-files/dsb.html": "52f0ad2ac00f7fef128ab00fa6d971a28138dad3",
    "/assets/inline-locale-files/el.html": "821e58024377965b5b86c1fcfc1cce0d2fcd596a",
    "/assets/inline-locale-files/en-CA.html": "899ab9294a0a43aa355b4c6d132e65d9212a3bca",
    "/assets/inline-locale-files/en-GB.html": "e98c4c6ed88eef891a5f6c5bb815f7904ebb05fe",
    "/assets/inline-locale-files/en-US.html": "245597f6265863d20e80313a54d65a038bbf4118",
    "/assets/inline-locale-files/en-ZA.html": "2764e7ebccd8375b3f325172ac4805da2297a63e",
    "/assets/inline-locale-files/eo.html": "2d82be775851aff5d9741b5a23df5d519b4536ee",
    "/assets/inline-locale-files/es-AR.html": "9b792ec067d82cc4d36c675016d0156cb5923699",
    "/assets/inline-locale-files/es-CL.html": "ce6cc7265e8dcfeb443f1d2260adb92fb27a24df",
    "/assets/inline-locale-files/es-ES.html": "f0fd002a000d28b1e7b5fa04542807d4f5e1fad2",
    "/assets/inline-locale-files/es-MX.html": "c30490458916bb9deed418672584a545bdb0419c",
    "/assets/inline-locale-files/et.html": "c94fede872aa3f0d9d5d341734d3385854bbc146",
    "/assets/inline-locale-files/eu.html": "95e1f0e76ab2903bb7a343737f8edbd8d99a8e8c",
    "/assets/inline-locale-files/fa.html": "b7fbbcad8138ab43973a3bc5ef6a3e226d5f995b",
    "/assets/inline-locale-files/ff.html": "fd91a5a8e95fec6266a78a1668a43b87dd3f935a",
    "/assets/inline-locale-files/fi.html": "73c79b05bdeefb16353a1d3986c1115c9cb86946",
    "/assets/inline-locale-files/fr.html": "ffc65ea9c55a6d664d34541ea2800fd428dfaf72",
    "/assets/inline-locale-files/fy-NL.html": "c672b8921d4952bf1d13e6d46eb8b9b52d74ad5a",
    "/assets/inline-locale-files/ga-IE.html": "2c2e64ce8d90bffa1ebf05996e678a5014db17dd",
    "/assets/inline-locale-files/gd.html": "66b11b3cb3be892a67159e5c042edf446c806e81",
    "/assets/inline-locale-files/gl.html": "484c2641dd2e324e45b9afc12fbb2fd3a33010ef",
    "/assets/inline-locale-files/gn.html": "2169b88398d9ba6b23de78adde700f5a51c27b76",
    "/assets/inline-locale-files/gu-IN.html": "8876911e373d0b12fa310a9b055f2e374f910fff",
    "/assets/inline-locale-files/he.html": "8352ef9734df85078dd5c61f6cc08bd3fd0de9e7",
    "/assets/inline-locale-files/hi-IN.html": "1efd5aead05430a82f513b64be0cead7ba11b3af",
    "/assets/inline-locale-files/hr.html": "34e36bf9cc5ecf1b9a43196580884a41342d3727",
    "/assets/inline-locale-files/hsb.html": "00441ecdef914c16473bef93f30c85780e9ff34a",
    "/assets/inline-locale-files/hto.html": "f40a2fce5a67c76e0161f45db27ccf5cd3562948",
    "/assets/inline-locale-files/hu.html": "8b98ac8077973983dc62c35e797e76a9750456a0",
    "/assets/inline-locale-files/hy-AM.html": "bc938ab24c3960fd4361899f31cbcc8f094c94e6",
    "/assets/inline-locale-files/hye.html": "a806e63a0a231c6680875dd50649d7ddf1ec3c79",
    "/assets/inline-locale-files/ia.html": "4ed66d379cfee52ceaa229b913211dba9af4c526",
    "/assets/inline-locale-files/id.html": "f63c55a573a006adc171e74e784120c608a2371e",
    "/assets/inline-locale-files/is.html": "6077b58a9e571cb951382621f97e75e4091cf501",
    "/assets/inline-locale-files/it.html": "65c3306addee03ccf2ea3b36236d86b7316a7e9b",
    "/assets/inline-locale-files/ja.html": "fab553fbb1de142deb14efbbe6906f2fa79cd8e0",
    "/assets/inline-locale-files/ka.html": "bff739a299789556d5cd651d6058884a6c2ce0ca",
    "/assets/inline-locale-files/kab.html": "756000d29bd508e0c958b638b6207cb10aa9064d",
    "/assets/inline-locale-files/kk.html": "21a620b48748ee41e5da63873f5003c072f2eabf",
    "/assets/inline-locale-files/km.html": "3d5c2aac744a55846140031110ed27cc2c656f37",
    "/assets/inline-locale-files/kn.html": "ed5409288fbb9453577508568dd1467a99c99934",
    "/assets/inline-locale-files/ko.html": "28e58e19eeb4e02310ab109bce54ce8ba6cdd37f",
    "/assets/inline-locale-files/kok.html": "e80be6e7c537c6ff993df4e0bf85a80b6d8c9e68",
    "/assets/inline-locale-files/ks.html": "8e9a0fe482849aa14b5dd16e972d6c4751a97caa",
    "/assets/inline-locale-files/ku.html": "bbc5af60064a052c19fba832a13712ee930e6d46",
    "/assets/inline-locale-files/lg.html": "64064fc2ee76648a0316d643af61e8cef3496e41",
    "/assets/inline-locale-files/lij.html": "6cd93e206449dccc24ec0e10ad29fd84c6a77571",
    "/assets/inline-locale-files/lo.html": "335b5ee3e529b2d56bb4462e439ccfc0554656ec",
    "/assets/inline-locale-files/lt.html": "7fa71acaa0b94a3d5fd55298e9dcdff5625fe37b",
    "/assets/inline-locale-files/ltg.html": "0ad39b8086794ed19511980bec58d1bfda9b09fb",
    "/assets/inline-locale-files/lv.html": "726225b6558e52b553c3e044d39263e90a1db661",
    "/assets/inline-locale-files/mai.html": "9be56f1f6df84c84f4304bf30af3a94f2cd6441c",
    "/assets/inline-locale-files/meh.html": "974c5cdb45f0a65cead277fbf6fc5c0760facdde",
    "/assets/inline-locale-files/mk.html": "2bd2af23434664f25dd84eb3b51f69711f87dec5",
    "/assets/inline-locale-files/ml.html": "bd105a34948aa72d6bd905e1e97f7e56a90d8844",
    "/assets/inline-locale-files/mn.html": "270c177773a51563c9014e4d9bf4fd9526079d69",
    "/assets/inline-locale-files/mr.html": "29579bfb4eb238363e9fc9ada68ae3f462511ea0",
    "/assets/inline-locale-files/ms.html": "9ca1f751b4f44c0912077e2bc695dadc66fe7783",
    "/assets/inline-locale-files/my.html": "bb01674ec8f7c17d7642f5c73746e733a2280404",
    "/assets/inline-locale-files/nb-NO.html": "19cefda14d8d6f944319fd2bfcf9b541edff41db",
    "/assets/inline-locale-files/ne-NP.html": "6026c1cc1d96800d3f8103480d48ddecd58ccd76",
    "/assets/inline-locale-files/nl.html": "15659854ae4732a157d4de7d4cf11e8b96214c09",
    "/assets/inline-locale-files/nn-NO.html": "8606110d368d7e9f6242aa2bc9c89ba24faf93ac",
    "/assets/inline-locale-files/nso.html": "8e62dd7a50e1034597abd0712e23bf49cc1656b5",
    "/assets/inline-locale-files/oc.html": "232eeefa446ed071d6604e7a97bcee570a538ec3",
    "/assets/inline-locale-files/or.html": "c119c2476ff054f7d5c4826fc2eec718b5085746",
    "/assets/inline-locale-files/pa-IN.html": "066f214d027290858639e77a6a7081dc8938e99e",
    "/assets/inline-locale-files/pl.html": "68f60364758acf7874f6e3032f345714b3cafb4e",
    "/assets/inline-locale-files/pt-BR.html": "6b70d169b0961cb4135d0b0ed7738f8cff5a238a",
    "/assets/inline-locale-files/pt-PT.html": "eb31540bc620de8d45f705b234382dde7ff168b8",
    "/assets/inline-locale-files/rm.html": "216bb43676b6ede301546b3200c7a385aa82cc73",
    "/assets/inline-locale-files/ro.html": "01700a17f755635fd1b70d86e34e3205a995f811",
    "/assets/inline-locale-files/ru.html": "5dbbbab91221f359ed1f9ef964e86360a4167906",
    "/assets/inline-locale-files/rw.html": "2a71c735c592373b36487dab05ced336131e1eb2",
    "/assets/inline-locale-files/sah.html": "4b5b3adf560a17413bfe772f820509716e31ae25",
    "/assets/inline-locale-files/sat.html": "b8128f10b2c1cf8b7ec60dcd148dc94a6e94ce04",
    "/assets/inline-locale-files/scn.html": "77fe8c126f41f55e470a4a3cb941618d70bad168",
    "/assets/inline-locale-files/si.html": "7ba5c7b42bb30afbdf84f30ec8e85a528a9bb507",
    "/assets/inline-locale-files/sk.html": "16e894f8b47038e4c1f3846a292361fe1c3a4c85",
    "/assets/inline-locale-files/sl.html": "a75443ec4501004963e459a764a75ad3dd138393",
    "/assets/inline-locale-files/son.html": "51c1ba4813f74357d1ccd16740b28cdee3fbb893",
    "/assets/inline-locale-files/sq.html": "bfccc75261753d1f8c59680dddb358368894214f",
    "/assets/inline-locale-files/sr.html": "9de212a6a8eca7c4dcde0ec1139b8a60b0e07be0",
    "/assets/inline-locale-files/sv-SE.html": "fb8f37cd732c23c4c3a37b5908de892b7d17686a",
    "/assets/inline-locale-files/sw.html": "638fc1c56f04513239a83125ecf790f06e47f867",
    "/assets/inline-locale-files/szl.html": "ec077422e36f03a27cacca94fabc2c922eb34286",
    "/assets/inline-locale-files/ta-LK.html": "48c52833b1c50394c6987369cba7d150e5b37fbb",
    "/assets/inline-locale-files/ta.html": "0e0365ed8d5021380d7b6694ce668641c3ffef18",
    "/assets/inline-locale-files/te.html": "499fe405e422951b7da5f6e9840ed6be7173b7d1",
    "/assets/inline-locale-files/th.html": "2d655112792ff538d488998c351d33d6f9039c61",
    "/assets/inline-locale-files/tl.html": "8c7fb0a6195fbce0d05a3eff1860f0bfb7718ef5",
    "/assets/inline-locale-files/tn.html": "9ec8c34fe0f9ca1a6ae4855463e7abbf123722f1",
    "/assets/inline-locale-files/tr.html": "8bdac2b5733a9e750c19af5ff40e6659e3e67ef2",
    "/assets/inline-locale-files/trs.html": "a120c23cd62251369e14cd5cbe32725c5ff1762d",
    "/assets/inline-locale-files/tsz.html": "bd6cbab9646db7546536d754b9fb077d93613aee",
    "/assets/inline-locale-files/uk.html": "dd4fd3cdd806ec576fe4fd2cc3c0bf1f9c2b8fe2",
    "/assets/inline-locale-files/ur.html": "bc8e5db7783ac13c57cf6a7aeb1ca6beb43e2d3f",
    "/assets/inline-locale-files/uz.html": "047e7f1f936f7db6f6c5c8d6031f02c3397ba6e7",
    "/assets/inline-locale-files/vi.html": "ef91aba50e8f945a394aa64ae6e6ef2c4cf45503",
    "/assets/inline-locale-files/wo.html": "e01812756b65ed1a49dfb5a0120119c2f5129554",
    "/assets/inline-locale-files/xh.html": "010aab400a4058fadbaf932bf1814aebabe29291",
    "/assets/inline-locale-files/zam.html": "c52103deda91bd89506e005faae643754c26bf30",
    "/assets/inline-locale-files/zh-CN.html": "b896122b249c18aa38c42fa217cfd71a601c6426",
    "/assets/inline-locale-files/zh-TW.html": "dfdcd0ed7ed6d89ff9f0cc3ca2efd5692e2c9484",
    "/assets/inline-locale-files/zu.html": "a0807f2219492c885e7e89b86c975bba8ba19738",
    "/assets/locale/ach/viewer.properties": "5e1e3f762a45e9e1fe9ca01974525ff4789cfa20",
    "/assets/locale/af/viewer.properties": "af128f9439d976e4687a1ea38bcfee34f004c4c6",
    "/assets/locale/ak/viewer.properties": "7b32cf30fd16432bc4050919607659c5e7ac7fe3",
    "/assets/locale/an/viewer.properties": "5d2e25bc8c91ee0ca5fea2c839eb04c72fcab05c",
    "/assets/locale/ar/viewer.properties": "b8975383e1e4d9166c8e1d44afa087316aa817e3",
    "/assets/locale/as/viewer.properties": "9be87d26909520181cec8572c4b18e5e1dc11388",
    "/assets/locale/ast/viewer.properties": "aaa8600a01f9a3e1a57ebfd96b3711d890287941",
    "/assets/locale/az/viewer.properties": "8f140e00d73e607a9990f3d758aae71d81df5cdc",
    "/assets/locale/be/viewer.properties": "1b1a79712c7508c2e2a30ac3456259875f233e4d",
    "/assets/locale/bg/viewer.properties": "940f1030f816a3c4aa9a4d460ae797d83a6b9e16",
    "/assets/locale/bn-BD/viewer.properties": "684f603efdd31daf880430192a327bd3ac4bb3d2",
    "/assets/locale/bn-IN/viewer.properties": "4b5286d177fba02adf8aefef7238c202fc7e254a",
    "/assets/locale/bn/viewer.properties": "e15082c5aac6f58925178583a713c13eec769654",
    "/assets/locale/bo/viewer.properties": "d60b140bad4084c71d4d4fc383da929cad72b8e9",
    "/assets/locale/br/viewer.properties": "0e8275fa58aab55e8d9a36e5fec490d840a2be53",
    "/assets/locale/brx/viewer.properties": "2cd552a55f857543f1f6fbf97d65d9779b6ce69d",
    "/assets/locale/bs/viewer.properties": "2eb92f35ed7ac29a2d60419363e2764b2a761dd7",
    "/assets/locale/ca/viewer.properties": "4206fa39909e37026be30520544d07a72b200bf9",
    "/assets/locale/cak/viewer.properties": "e167034e18a2afa6f2231d81d88a2d05ddb9ddbd",
    "/assets/locale/ckb/viewer.properties": "8b79ecd0202a048abe7f54ae16de81e1a20aac58",
    "/assets/locale/crh/viewer.properties": "cdd20d1de4098c27fbab0940acf1450733353893",
    "/assets/locale/cs/viewer.properties": "df34f3e24d0e184a7b94ff838662eeadb4e467d3",
    "/assets/locale/csb/viewer.properties": "17e840af72cb4451a586e70f5a7c7bfeb9c20683",
    "/assets/locale/cy/viewer.properties": "beb53c50e1a5a702f5160b5683b2bd2f9f22bd48",
    "/assets/locale/da/viewer.properties": "a4bc69cd3a20e54353ec39830326883cd32764da",
    "/assets/locale/de/viewer.properties": "ccf92c82e13a21050e707efe1e2cc1408a71e4e0",
    "/assets/locale/dsb/viewer.properties": "6d6ba2a09f28a8c076117fa820646c120d146cce",
    "/assets/locale/el/viewer.properties": "14b2cb35fa6ff716a2470aa810406941ab75ab47",
    "/assets/locale/en-CA/viewer.properties": "291f9974c728edd5ab2b12e40b72ec66318452a7",
    "/assets/locale/en-GB/viewer.properties": "a1e4a36e4cc486a341aa5de16c22140fc637da93",
    "/assets/locale/en-US/viewer.properties": "8f30099b5f2a5e8fcb76270993fa2b5cb7d6cf01",
    "/assets/locale/en-ZA/viewer.properties": "876db7adcaa8ead13b464e7dafd5d2a965e34a3d",
    "/assets/locale/eo/viewer.properties": "55132e0a76e083dd8bd5ddf08c26d2d05831254f",
    "/assets/locale/es-AR/viewer.properties": "c5a538f43ae5d8b3d81cfa4804afcd0cd5b90bf7",
    "/assets/locale/es-CL/viewer.properties": "5b9e74077227dc2ff1697ddf9e1c5d24f9acdebb",
    "/assets/locale/es-ES/viewer.properties": "b18b4ef4f26d033c4fa436a2ef7998d51996b566",
    "/assets/locale/es-MX/viewer.properties": "d45720cfc8617cf7a17ea99df4f3bab1b814786d",
    "/assets/locale/et/viewer.properties": "26f00078b6646047ba928f861b53044da626eb2a",
    "/assets/locale/eu/viewer.properties": "ad6dbc019716b97cdbc8505badd18baf7b679934",
    "/assets/locale/fa/viewer.properties": "d35257bef48f3b64892b92ea0b8c0fb00599c02b",
    "/assets/locale/ff/viewer.properties": "c5244f758c268eeb855dde31bd5016ec6a2c9bdb",
    "/assets/locale/fi/viewer.properties": "b534fd5b0175361aee64eed72fe6c411aca51d45",
    "/assets/locale/fr/viewer.properties": "02a88c3c8581a4b1f4da0c15cb910adddc4fcb95",
    "/assets/locale/fy-NL/viewer.properties": "fed4d0b102f09672d166c1559f0b1f0ff2aff871",
    "/assets/locale/ga-IE/viewer.properties": "66a016d8224b122ff80244987e4c964c0042cffb",
    "/assets/locale/gd/viewer.properties": "af4d4b84c0c2160cc732efa74d93053b937fdc74",
    "/assets/locale/gl/viewer.properties": "8ee7651a12427e33efca507b4dfbd28ec898b57d",
    "/assets/locale/gn/viewer.properties": "ed6534f3e79cab36277207447d397dce47af26f6",
    "/assets/locale/gu-IN/viewer.properties": "91f0f99bb77f0d11ae26f6da7df34dc2ba67134e",
    "/assets/locale/he/viewer.properties": "120dd5541536b061d2d85d63afaa2d93ec559dab",
    "/assets/locale/hi-IN/viewer.properties": "8b96b99a03dd7c9cae71b16d2315c6b539587513",
    "/assets/locale/hr/viewer.properties": "fbae25e4e5cb42a66173809fbbeeaa5b36853474",
    "/assets/locale/hsb/viewer.properties": "9d12f1b19e3dcb036f674603da8c596c4b4acb41",
    "/assets/locale/hto/viewer.properties": "4e6fc5d6b807cfe56ccca952a01c4630670f63f8",
    "/assets/locale/hu/viewer.properties": "a5a6ee8986d190fc95caef3cfc40a8a0970b9461",
    "/assets/locale/hy-AM/viewer.properties": "c38c52728970e34a415928807337f79f0ce1860b",
    "/assets/locale/hye/viewer.properties": "a64b7ffe810fa22cbd9bd2c97dbcaf85658a7c26",
    "/assets/locale/ia/viewer.properties": "41c3df1188b0f24943baa5b722eed2fd1425e878",
    "/assets/locale/id/viewer.properties": "3d9f4e2e0ef6059a5039bc11798e3adb627df1c4",
    "/assets/locale/is/viewer.properties": "2305706f785a33cf36d95e474136a9923dd91af3",
    "/assets/locale/it/viewer.properties": "ebc755654adb06df56c024dd41c95a0cecd89a71",
    "/assets/locale/ja/viewer.properties": "4bf492ed697c66ab0aa30338f81fc106e3a6cdc7",
    "/assets/locale/ka/viewer.properties": "4c330681f5db6526b4a449c15cd4b6ee9b7c7161",
    "/assets/locale/kab/viewer.properties": "b55365862ce95691473eb51645ba501b298836db",
    "/assets/locale/kk/viewer.properties": "91d234c65d5a8cc91205d510a85a8a6ce7fdcd91",
    "/assets/locale/km/viewer.properties": "2ffb87a342d2baad7b4d1fb2d1db50c5d4ae81df",
    "/assets/locale/kn/viewer.properties": "a3ae007f48de0d1431a6a331d317420b79294676",
    "/assets/locale/ko/viewer.properties": "cd62b42d7ecebcc54a8afcb3e7437e7927ccecdf",
    "/assets/locale/kok/viewer.properties": "d887d8a052a35be54159f58f7243372dbf7ec258",
    "/assets/locale/ks/viewer.properties": "4805e2e3aac56f9559516125daa1dcc6bc214875",
    "/assets/locale/ku/viewer.properties": "46739e80d58ab8559ccfb21d6b0692a37e16e6a9",
    "/assets/locale/lg/viewer.properties": "18c1b9f7ca30c648bd31e31b15d16c876242ee73",
    "/assets/locale/lij/viewer.properties": "715921b304b6cf73477d9793f078a49346f35892",
    "/assets/locale/lo/viewer.properties": "f827c27b92d1467f372ab184d0f4fee57f702a11",
    "/assets/locale/locale.properties": "e20d2f6e27fa2a0d4d4e3f3adea532984890477b",
    "/assets/locale/lt/viewer.properties": "02fb7cf1b16ad11e50f55077e24ff70ee3b29a77",
    "/assets/locale/ltg/viewer.properties": "a94bf68f234059337f9ee6c902eec0488eed4d02",
    "/assets/locale/lv/viewer.properties": "bec45ae87b9bbcb11b6cada5740a0d4cdb2c8fe6",
    "/assets/locale/mai/viewer.properties": "6dffdd4313a49854702ae8c8ef81d0fe052324a6",
    "/assets/locale/meh/viewer.properties": "82d84e0d7b20df4d3bc1a8deaa8a78944b04f2d9",
    "/assets/locale/mk/viewer.properties": "0208ff1aacf3437d3b9543b369d911b3e289da57",
    "/assets/locale/ml/viewer.properties": "8dab36ebe5b13dd5759979717f81a2fdf8e120e3",
    "/assets/locale/mn/viewer.properties": "7986acd89509d0467129b71ce25922ecfbd4817e",
    "/assets/locale/mr/viewer.properties": "9b7544c67014fd36051b4f217afefd585e0efa21",
    "/assets/locale/ms/viewer.properties": "1d43c64c007eebf346dd53a3fbd56aed6fa9b8ac",
    "/assets/locale/my/viewer.properties": "73821a3fa47a5f0501f300e81bfdb98ef03b7c5f",
    "/assets/locale/nb-NO/viewer.properties": "13a4cd812bdacf0cfc4291b2a53da9360628aa8c",
    "/assets/locale/ne-NP/viewer.properties": "db12252391a121d475f1114df78b6d7bf6216d38",
    "/assets/locale/nl/viewer.properties": "f352faf32f3e982cef1054eb4401e2d3ab28b675",
    "/assets/locale/nn-NO/viewer.properties": "ff866a520124295cb8d5424ea810fc1b634dbf08",
    "/assets/locale/nso/viewer.properties": "176afe940078cca679275adf9dbc1ca1d6e8f7ce",
    "/assets/locale/oc/viewer.properties": "cfd4e6b13c086a5ca9c055eaa725e01ec27999a9",
    "/assets/locale/or/viewer.properties": "8e0e153f102d7a24d6e0523b67c3aa2d0e3857f5",
    "/assets/locale/pa-IN/viewer.properties": "2ed2d703df3eea1b8faf11b45cadbb139911eab0",
    "/assets/locale/pl/viewer.properties": "938934eeac2140851a88166e1ccc41a1830cc722",
    "/assets/locale/pt-BR/viewer.properties": "5b7057ba8316ed1d33bd31532916f6b4aeb423a1",
    "/assets/locale/pt-PT/viewer.properties": "7ce816c374698296a43f45b9c21aec77bae49179",
    "/assets/locale/rm/viewer.properties": "c227d7de8abe031d54d1d57f8b138216886e6119",
    "/assets/locale/ro/viewer.properties": "9c6bed01db27c35fc76c6579738ae3ae6d143b45",
    "/assets/locale/ru/viewer.properties": "2659ab48172cb9c1f4cd94d53d26a5d576c5005c",
    "/assets/locale/rw/viewer.properties": "7d96bc96802f37a1c9ead373524a425d08e1dbcf",
    "/assets/locale/sah/viewer.properties": "ef69f15f4aa8ffcd0292b67519495ac962f0a846",
    "/assets/locale/sat/viewer.properties": "02709cba9da0380bdc9e174094769f5ae60bf8ad",
    "/assets/locale/scn/viewer.properties": "be44744bb36a3c06b464ba5e92ac7c53bfb756ba",
    "/assets/locale/si/viewer.properties": "b510a486d65274be5eb7270c2b7ef2a4386e198e",
    "/assets/locale/sk/viewer.properties": "ce33a7450a9f76117f63135da5ad38a87678edad",
    "/assets/locale/sl/viewer.properties": "48d434eb8ffef5f01774faad4e9518bcd42810e3",
    "/assets/locale/son/viewer.properties": "0ed55a5a3a502d5b33ca94e384d1a5f9df7bc6b0",
    "/assets/locale/sq/viewer.properties": "94062cfc49238f2bba6ec8621f971aaa57b99698",
    "/assets/locale/sr/viewer.properties": "72202ea79456cb7bdbc0903c9af80ad976db6186",
    "/assets/locale/sv-SE/viewer.properties": "1e270eef6191d1aafaaaa10c8fab28875a14df33",
    "/assets/locale/sw/viewer.properties": "7e5b770e8155a7465f77d1b2d7792fa22e50bcd0",
    "/assets/locale/szl/viewer.properties": "06cf8330a732ce4881e7c2c02d8b8aa24fbf1588",
    "/assets/locale/ta-LK/viewer.properties": "646e2182307793f70a61584fc436886c946482c4",
    "/assets/locale/ta/viewer.properties": "f56a0fe444bfe9762a1426e8968fa2e07bb552ee",
    "/assets/locale/te/viewer.properties": "f3ba88d5116895ea4a1515ebdbc713802061478c",
    "/assets/locale/th/viewer.properties": "6043a5eda264cb3e44f117903b09cd6c25172509",
    "/assets/locale/tl/viewer.properties": "5600733182841af18c69a4b0d69c598d2b3f8f69",
    "/assets/locale/tn/viewer.properties": "b1839a14243baf851f7811e5be779d8e0e147105",
    "/assets/locale/tr/viewer.properties": "2218aae607d81a6f67d4b82defd47ae780d9c1b8",
    "/assets/locale/trs/viewer.properties": "ebf29a041ee125c21c33e1461f8aebf2a6e35512",
    "/assets/locale/tsz/viewer.properties": "0e3086f1dea298a35dcc91dd78d5a24250f1c908",
    "/assets/locale/uk/viewer.properties": "0f3462c3dc26cbceaf810e1807b3b82c4ea09dde",
    "/assets/locale/ur/viewer.properties": "7ec2b6947e452039b136ee756945ff74ffe6070f",
    "/assets/locale/uz/viewer.properties": "28b88b623c5fdb36e841883a9147feedb22e17c2",
    "/assets/locale/vi/viewer.properties": "eb6d9d3175e0118aa819215e28e9935e64fa8a93",
    "/assets/locale/wo/viewer.properties": "715f85e1ba40837f8ea7ae1dbe6d6516288bf4b3",
    "/assets/locale/xh/viewer.properties": "ab4f0cb874a697d620d55c8786ec299e2ebeefc1",
    "/assets/locale/zam/viewer.properties": "a186e34704f3a1ba4cbf22fce81c576ab6487ed7",
    "/assets/locale/zh-CN/viewer.properties": "116bad2190656d5935264368eed29b9a7fce95a7",
    "/assets/locale/zh-TW/viewer.properties": "7a0dae570147d5cbb1f64b9078a4dc4b834636ec",
    "/assets/locale/zu/viewer.properties": "1c283ba7792aa61cad501198bd8e4d7b13fa5bb3",
    "/assets/pdf-2.7.673-es5.js": "102f77184ac859591f54db4159ff9e1a509ef58b",
    "/assets/pdf-2.7.673-es5.min.js": "5ba9d44d0648de79ab74f9be00478e81ec804e9b",
    "/assets/pdf-2.7.673.js": "5c8b5251ca2640895238679c0b44fbaf933b4684",
    "/assets/pdf-2.7.673.min.js": "436c399fc8649e3183c2b2e6f077720c8f4499dc",
    "/assets/pdf-es5.js.map": "f79882be2bd04198e561eac943d99ca3229f3de7",
    "/assets/pdf-es5.min.js.map": "be59da803ba52ec87591ed97973de1f16ebe8236",
    "/assets/pdf.js.map": "021181b877bfb6b2a4bddbcb1a3f86951f477030",
    "/assets/pdf.min.js.map": "b64e7d63e797f10ee2e40740f37623e66307602b",
    "/assets/pdf.sandbox.js": "aae369d6e72b852423d612262080983a346c95f1",
    "/assets/pdf.sandbox.js.map": "06734340e35365322829a6f17b0ad2a33369d311",
    "/assets/pdf.worker-2.7.673-es5.js": "75310de7b1737c921fef774714031d3c88edaf66",
    "/assets/pdf.worker-2.7.673-es5.min.js": "d76bda6602b3b3d1512a2525683a777bddb37fa8",
    "/assets/pdf.worker-2.7.673.js": "7313cac37ff8813e9b0ce68c0f832248a2d3dcf9",
    "/assets/pdf.worker-2.7.673.min.js": "945219f33c1d7949fe3ccfff716d7452d3c62d42",
    "/assets/pdf.worker-es5.js.map": "cf0fdfba140f32507e95a16e31593078a2cbffec",
    "/assets/pdf.worker-es5.min.js.map": "ee4e75ae9f31450f70109d3d98775e8564d55c81",
    "/assets/pdf.worker.js.map": "82484bd183537cc38a981b7daa3ae803c913b1a1",
    "/assets/pdf.worker.min.js.map": "bc21c6856d89509f079f0c0339f87c017d93dcef",
    "/assets/pdf/159.pdf": "42cd55b1d07bbc54a0964ea57435ab04a887e152",
    "/assets/pdf/161.pdf": "f81e688428643cd5263dd6566cc61a38c069435e",
    "/assets/pdf/162.pdf": "e7c45b0a82b7932b10fbf10104b68285a4dac7ec",
    "/assets/pdf/167.pdf": "457a1023508d0a899d585b06805e79aa51bbf160",
    "/assets/pdf/545.pdf": "8ed81e33c048c7ef973b557f7ceafdd6ae9be7c4",
    "/assets/pdf/546.pdf": "f06d3e4a17a15aa8e861c2a3e1fc4a54eb1619b7",
    "/assets/pdf/547.pdf": "5daf4382e244a722fd62a2a136273608e8ba7382",
    "/assets/pdf/554.pdf": "c5bba3695f3dee335fdc9b6049148638b8247579",
    "/assets/pdf/580.pdf": "3d33519e5175bbdb07d652091311da2dca5442bf",
    "/assets/pdf/clausula.pdf": "792afbc375240bf5c4b5ac53f2446ae373115b52",
    "/assets/pdf/politica.pdf": "684a774489ebc91f354f0e07076a6d3bbd511c79",
    "/assets/viewer-2.7.673-es5.js": "952eae47828920ee5208954f7b0953d2592b1d7a",
    "/assets/viewer-2.7.673-es5.min.js": "86da359e6cbc3e7393648fe02c0e0f4a17189f86",
    "/assets/viewer-2.7.673.js": "87c6e20f5f4fddf67aef8f170bc80fee351c26b8",
    "/assets/viewer-2.7.673.min.js": "0bd3d62d834b2fdb37d074b93f8c6ffe767925f3",
    "/assets/viewer-es5.js.map": "b94f7934514ce586f225084f8b86f5e7da7f8460",
    "/assets/viewer-es5.min.js.map": "054390b0bd881a66444f2d0b40c7b56067167bd3",
    "/assets/viewer.js.map": "a37fa9f9f50a6e6c93b2013032de83b85eabefbb",
    "/assets/viewer.min.js.map": "e074e722c189eebf2e5324b342c21cee2da11d3e",
    "/fontawesome-webfont.674f50d287a8c48dc19b.eot": "d980c2ce873dc43af460d4d572d441304499f400",
    "/fontawesome-webfont.912ec66d7572ff821749.svg": "98a8aa5cf7d62c2eff5f07ede8d844b874ef06ed",
    "/fontawesome-webfont.af7ae505a9eed503f8b8.woff2": "d6f48cba7d076fb6f2fd6ba993a75b9dc1ecbf0c",
    "/fontawesome-webfont.b06871f281fee6b241d6.ttf": "13b1eab65a983c7a73bc7997c479d66943f7c6cb",
    "/fontawesome-webfont.fee66e712a8a08eef580.woff": "28b782240b3e76db824e12c02754a9731a167527",
    "/index.html": "16fe4c5391029685861d4226a77fdfd3f97c1283",
    "/main-es2015.6cd675e39fea32405d01.js": "b47f1731df834fd69f7817d0f314f46956f03143",
    "/main-es5.5404f43535d31a4eb854.js": "cc315fced9d743a2ee38fe38b64f2d5fadc517f7",
    "/polyfills-es2015.22a10e60a50c4504a999.js": "e4be224553c5002677d7b21a2514f68bd4d9459d",
    "/polyfills-es5.a67d4199b6d6da679b1e.js": "f3ee8aaa8b27efbd1a763384ce913033604b1c0c",
    "/runtime-es2015.7ac79cb94d84bbcdbc18.js": "ad36d2fdb8a386d4b50a3efb5c44bddb8b87ef69",
    "/runtime-es5.85f8a8f2c16e471ad155.js": "ed2396b9a8a0d2039fdfba3bdf95266ecc371a0c",
    "/styles.56ed815e31b7c3d5c3e8.css": "638db654e0803181cff11a70806ceafce3af0d9f"
  },
  "navigationUrls": [
    {
      "positive": true,
      "regex": "^\\/.*$"
    },
    {
      "positive": false,
      "regex": "^\\/(?:.+\\/)?[^/]*\\.[^/]*$"
    },
    {
      "positive": false,
      "regex": "^\\/(?:.+\\/)?[^/]*__[^/]*$"
    },
    {
      "positive": false,
      "regex": "^\\/(?:.+\\/)?[^/]*__[^/]*\\/.*$"
    }
  ]
}